participant	language	starting_point	ending_point	word	vowel	stress	focus	comments	duration	pitch	intensity	gender	boundary
01_2b	de	31.713	31.829	Ursula	u	SWW	focused	N/A	115	201	53	f	1
01_2b	de	54.138	54.269	Ananas	a	SWW	focused	N/A	131	251	60	f	1
01_2b	de	70.579	70.734	lIbero	e	SWW	focused	N/A	155	198	50	f	1
01_2b	de	81.858	81.944	kOsovo	o	SWW	focused	N/A	86	204	42	f	1
01_2b	de	93.19	93.294	spIritus	i	SWW	focused	N/A	104	204	53	f	1
01_2b	de	114.972	115.065	kOsovo	o	SWW	unfocused	int?	93	242	54	f	1
01_2b	de	121.935	122.015	Ursula	u	SWW	unfocused	N/A	79	252	54	f	1
01_2b	de	147.077	147.179	Ananas	a	SWW	unfocused	N/A	102	261	60	f	1
01_2b	de	154.37	154.53	melOne	o	SWW	unfocused	N/A	161	226	54	f	1
01_2b	de	173.656	173.747	spIritus	i	SWW	unfocused	N/A	91	230	50	f	0
01_2b	de	181.042	181.128	lIbero	e	SWW	unfocused	N/A	86	220	57	f	1
01_2b	de	229.28	229.351	stImulus	u	SWW	focused	N/A	71	217	57	f	1
01_2b	de	253.714	253.785	kAviar	a	SWW	focused	N/A	71	220	38	f	1
01_2b	de	260.346	260.451	Abakus	a	SWW	focused	N/A	104	208	51	f	1
01_2b	de	291.58	291.633	Oktopus	o	SWW	focused	N/A	53	200	38	f	1
01_2b	de	302.646	302.743	kAbeljau	e	SWW	focused	N/A	97	273	57	f	1
01_2b	de	327.818	327.866	Oktopus	o	SWW	unfocused	N/A	48	244	51	f	1
01_2b	de	347.746	347.846	Abakus	a	SWW	unfocused	N/A	101	237	58	f	1
01_2b	de	355.387	355.475	stImulus	u	SWW	unfocused	N/A	87	244	58	f	0
01_2b	de	375.259	375.327	kAviar	i	SWW	unfocused	N/A	68	233	55	f	0
01_2b	de	401.722	401.843	kAbeljau	e	SWW	unfocused	N/A	121	216	57	f	0
01_2b	ua	22.077	22.126	Avtorka	o	SWW	focused	N/A	49	175	44	f	1
01_2b	ua	38.214	38.274	lAstivka	i	SWW	focused	N/A	60	195	31	f	1
01_2b	ua	58.962	59.019	stAtuya	u	SWW	focused	N/A	57	91	47	f	1
01_2b	ua	82.056	82.176	bErezen'	e	SWW	focused	N/A	120	178	51	f	1
01_2b	ua	93.551	93.609	hYkavka	a	SWW	focused	N/A	58	203	51	f	1
01_2b	ua	111.806	111.88	hYkavka	a	SWW	unfocused	N/A	74	--undefined--	40	f	1
01_2b	ua	130.49	130.536	Avtorka	o	SWW	unfocused	N/A	46	175	45	f	1
01_2b	ua	149.251	149.292	stAtuya	u	SWW	unfocused	N/A	41	179	45	f	1
01_2b	ua	167.492	167.522	lAstivka	i	SWW	unfocused	N/A	30	--undefined--	31	f	1
01_2b	ua	173.64	173.735	bErezen'	e	SWW	unfocused	N/A	95	171	52	f	1
01_2b	ua	209.875	209.982	pArostok	o	SWW	focused	N/A	106	200	51	f	1
01_2b	ua	219.483	219.566	pErepel	e	SWW	focused	N/A	82	189	48	f	1
01_2b	ua	225.413	225.487	rAyduzhka	u	SWW	focused	N/A	74	186	45	f	1
01_2b	ua	230.735	230.858	kUr'ava	a	SWW	focused	N/A	123	195	56	f	1
01_2b	ua	240.819	240.877	bEsida	i	SWW	unfocused	N/A	58	188	43	f	1
01_2b	ua	297.126	297.169	bEsida	i	SWW	unfocused	N/A	44	169	38	f	1
01_2b	ua	320.613	320.713	kUr'ava	a	SWW	unfocused	N/A	101	171	52	f	1
01_2b	ua	343.724	343.805	pErepel	e	SWW	unfocused	N/A	81	174	55	f	1
01_2b	ua	361.471	361.554	pArostok	o	SWW	unfocused	N/A	82	174	51	f	1
01_2b	ua	378.633	378.705	rAyduzhka	u	SWW	unfocused	N/A	73	177	45	f	1
03_1b	de	351.753	351.802	Exodus	o	SWW	focused	N/A	49	207	73	f	1
03_1b	de	362.764	362.809	kOpula	u	SWW	focused	N/A	44	236	72	f	0
03_1b	de	380.618	380.654	Enkelin	e	SWW	focused	N/A	36	220	79	f	1
03_1b	de	386.515	386.589	Abakus	a	SWW	focused	N/A	74	204	76	f	1
03_1b	de	403.253	403.323	kAritas	i	SWW	focused	N/A	71	288	68	f	0
03_1b	de	438.336	438.371	Enkelin	e	SWW	unfocused	N/A	36	234	80	f	0
03_1b	de	469.887	469.935	kOpula	u	SWW	unfocused	N/A	48	261	70	f	0
03_1b	de	488.168	488.238	Abakus	a	SWW	unfocused	N/A	70	238	76	f	0
03_1b	de	500.755	500.811	Exodus	o	SWW	unfocused	N/A	56	270	73	f	0
03_1b	de	518.575	518.625	kAritas	i	SWW	unfocused	N/A	50	186	65	f	0
03_1b	de	537.195	537.254	kOlibri	i	SWW	focused	N/A	59	190	79	f	0
03_1b	de	556.03	556.076	gEgenstand	e	SWW	focused	N/A	46	242	82	f	1
03_1b	de	579.863	579.961	Anorak	o	SWW	focused	N/A	98	235	79	f	0
03_1b	de	585.494	585.571	kAnapee	a	SWW	focused	N/A	77	216	80	f	0
03_1b	de	605.906	605.979	Uvula	u	SWW	focused	N/A	73	226	84	f	1
03_1b	de	626.331	626.377	gEgenstand	e	SWW	unfocused	N/A	46	252	81	f	0
03_1b	de	649.501	649.54	Anorak	o	SWW	unfocused	N/A	39	161	73	f	0
03_1b	de	673.465	673.5	kAnapee	a	SWW	unfocused	N/A	34	280	73	f	0
03_1b	de	684.469	684.532	Uvula	u	SWW	unfocused	N/A	63	230	77	f	0
03_1b	de	705.365	705.418	kOlibri	i	SWW	unfocused	N/A	53	161	65	f	0
03_1b	ua	26.656	26.739	dErevo	e	SWW	focused	N/A	82	165	73	f	0
03_1b	ua	43.714	43.785	pOdruha	u	SWW	focused	N/A	71	159	76	f	1
03_1b	ua	59.457	59.522	prOlisok	i	SWW	focused	N/A	65	174	73	f	0
03_1b	ua	69.987	70.052	zOloto	o	SWW	focused	N/A	65	157	77	f	1
03_1b	ua	84.737	84.794	pYsanka	a	SWW	focused	N/A	56	206	78	f	0
03_1b	ua	98.772	98.829	prOlisok	i	SWW	unfocused	N/A	58	174	72	f	0
03_1b	ua	110.186	110.264	dErevo	e	SWW	unfocused	N/A	79	141	73	f	0
03_1b	ua	126.69	126.755	pOdruha	u	SWW	unfocused	N/A	65	146	72	f	1
03_1b	ua	142.109	142.164	zOloto	o	SWW	unfocused	N/A	55	--undefined--	72	f	1
03_1b	ua	163.492	163.543	pYsanka	a	SWW	unfocused	N/A	50	161	75	f	0
03_1b	ua	177.517	177.604	vYrizka	i	SWW	focused	N/A	87	159	76	f	0
03_1b	ua	182.266	182.318	zAbavka	a	SWW	unfocused	N/A	52	161	69	f	0
03_1b	ua	195.486	195.563	zArodok	o	SWW	focused	N/A	77	200	81	f	0
03_1b	ua	218.241	218.301	vEresen'	e	SWW	focused	N/A	60	169	76	f	0
03_1b	ua	240.071	240.129	pOdushka	u	SWW	focused	N/A	58	179	73	f	0
03_1b	ua	265.236	265.277	pOdushka	u	SWW	unfocused	N/A	42	146	76	f	0
03_1b	ua	279.192	279.231	zAbavka	a	SWW	unfocused	N/A	40	166	71	f	0
03_1b	ua	293.722	293.797	vYrizka	i	SWW	unfocused	N/A	76	196	79	f	0
03_1b	ua	303.165	303.223	vEresen'	e	SWW	unfocused	N/A	58	179	74	f	0
03_1b	ua	308.659	308.728	zArodok	o	SWW	unfocused	N/A	69	211	72	f	1
04_3b	de	31.094	31.143	gEgenstand	e	SWW	focused	N/A	49	289	78	f	1
04_3b	de	52.134	52.219	Anorak	o	SWW	focused	N/A	84	251	74	f	1
04_3b	de	57.741	57.841	kAnapee	a	SWW	focused	N/A	100	213	69	f	1
04_3b	de	73.204	73.26	Uvula	u	SWW	focused	N/A	56	237	74	f	1
04_3b	de	97.772	97.812	gEgenstand	e	SWW	unfocused	N/A	39	217	65	f	0
04_3b	de	119.771	119.833	Anorak	o	SWW	unfocused	N/A	62	244	71	f	0
04_3b	de	141.267	141.328	kAnapee	a	SWW	unfocused	N/A	61	251	64	f	0
04_3b	de	151.108	151.186	Uvula	u	SWW	unfocused	N/A	78	248	75	f	0
04_3b	de	172.775	172.845	kOlibri	i	SWW	unfocused	fail	69	237	70	f	0
04_3b	de	196.562	196.607	Ursula	u	SWW	focused	N/A	46	211	71	f	1
04_3b	de	216.209	216.272	Ananas	a	SWW	focused	N/A	62	257	77	f	1
04_3b	de	230.261	230.321	lIbero	e	SWW	focused	N/A	60	256	68	f	1
04_3b	de	239.433	239.472	kOsovo	o	SWW	focused	N/A	39	217	74	f	0
04_3b	de	249.588	249.677	spIritus	i	SWW	focused	N/A	89	282	76	f	1
04_3b	de	271.463	271.532	kOsovo	o	SWW	unfocused	N/A	69	231	63	f	0
04_3b	de	277.123	277.16	Ursula	u	SWW	unfocused	N/A	36	243	70	f	1
04_3b	de	296.798	296.858	Ananas	a	SWW	unfocused	N/A	60	247	76	f	1
04_3b	de	317.258	317.351	spIritus	i	SWW	unfocused	N/A	93	251	69	f	0
04_3b	de	322.613	322.668	lIbero	e	SWW	unfocused	N/A	54	250	74	f	0
04_3b	ua	21.931	21.99	vYrizka	i	SWW	focused	N/A	59	167	66	f	0
04_3b	ua	27.125	27.193	zAbavka	a	SWW	focused	N/A	68	172	69	f	1
04_3b	ua	41.195	41.254	zArodok	o	SWW	focused	N/A	59	167	69	f	1
04_3b	ua	64.341	64.426	vEresen'	e	SWW	focused	N/A	85	159	61	f	0
04_3b	ua	87.314	87.363	pOdushka	u	SWW	focused	N/A	49	169	69	f	0
04_3b	ua	115.27	115.339	pOdushka	u	SWW	unfocused	N/A	69	170	62	f	0
04_3b	ua	130.436	130.487	zAbavka	a	SWW	unfocused	N/A	51	160	65	f	0
04_3b	ua	144.418	144.491	vYrizka	i	SWW	unfocused	N/A	72	160	68	f	0
04_3b	ua	153.064	153.101	vEresen'	e	SWW	unfocused	N/A	36	166	62	f	0
04_3b	ua	157.629	157.712	zArodok	o	SWW	unfocused	N/A	82	172	66	f	0
04_3b	ua	177.518	177.557	Avtorka	o	SWW	focused	N/A	39	192	69	f	1
04_3b	ua	190.114	190.151	lAstivka	i	SWW	focused	N/A	37	184	59	f	0
04_3b	ua	206.119	206.205	stAtuya	u	SWW	focused	N/A	86	190	66	f	0
04_3b	ua	224.392	224.465	bErezen'	e	SWW	focused	N/A	73	165	70	f	0
04_3b	ua	232.746	232.796	hYkavka	a	SWW	focused	N/A	50	173	67	f	1
04_3b	ua	248.782	248.814	hYkavka	a	SWW	unfocused	N/A	32	171	55	f	0
04_3b	ua	262.384	262.423	Avtorka	o	SWW	unfocused	N/A	39	184	60	f	0
04_3b	ua	275.37	275.435	stAtuya	u	SWW	unfocused	N/A	65	159	67	f	0
04_3b	ua	288.77	288.797	lAstivka	i	SWW	unfocused	N/A	27	197	52	f	0
04_3b	ua	293.433	293.524	bErezen'	e	SWW	unfocused	N/A	90	168	65	f	0
05_4a	de	10.578	10.615	kOlibri	i	SWW	focused	N/A	37	132	51	m	0
05_4a	de	25.409	25.482	gEgenstand	e	SWW	focused	N/A	73	138	56	m	1
05_4a	de	41.864	41.92	Anorak	o	SWW	focused	N/A	57	132	56	m	1
05_4a	de	47.144	47.211	kAnapee	a	SWW	focused	N/A	68	121	54	m	1
05_4a	de	62.844	62.9	Uvula	u	SWW	focused	N/A	57	--undefined--	54	m	0
05_4a	de	5.137	5.2	gEgenstand	e	SWW	unfocused	int?	63	131	57	m	0
05_4a	de	26.219	26.278	Anorak	o	SWW	unfocused	N/A	59	140	55	m	1
05_4a	de	48.113	48.18	kAnapee	a	SWW	unfocused	N/A	67	131	56	m	0
05_4a	de	58.482	58.548	Uvula	u	SWW	unfocused	N/A	66	--undefined--	46	m	1
05_4a	de	80.8	80.873	kOlibri	i	SWW	unfocused	N/A	73	131	54	m	0
05_4a	de	5.059	5.116	kOsovo	o	SWW	unfocused	N/A	57	133	52	m	0
05_4a	de	11.016	11.078	Ursula	u	SWW	unfocused	N/A	62	162	52	m	0
05_4a	de	30.899	30.951	Ananas	a	SWW	unfocused	N/A	53	152	53	m	0
05_4a	de	51.856	51.947	spIritus	i	SWW	unfocused	N/A	91	141	50	m	1
05_4a	de	57.231	57.304	lIbero	e	SWW	unfocused	N/A	73	134	56	m	0
05_4a	de	12.495	12.558	Ursula	u	SWW	focused	N/A	63	--undefined--	50	m	0
05_4a	de	29.407	29.482	Ananas	a	SWW	focused	N/A	75	131	53	m	0
05_4a	de	43.232	43.277	lIbero	e	SWW	focused	N/A	45	144	58	m	0
05_4a	de	50.766	50.84	kOsovo	o	SWW	focused	N/A	74	126	48	m	0
05_4a	de	57.948	58.027	spIritus	i	SWW	focused	N/A	79	166	50	m	0
05_4a	ua	19.683	19.731	pOdushka	u	SWW	unfocused	N/A	49	83	41	m	0
05_4a	ua	33.875	33.921	zAbavka	a	SWW	unfocused	N/A	46	123	45	m	0
05_4a	ua	47.271	47.309	vYrizka	i	SWW	unfocused	N/A	38	128	50	m	0
05_4a	ua	56.154	56.18	vEresen'	e	SWW	unfocused	N/A	26	142	49	m	0
05_4a	ua	61.105	61.186	zArodok	o	SWW	unfocused	N/A	82	--undefined--	47	m	0
05_4a	ua	6.147	6.189	hYkavka	a	SWW	unfocused	N/A	42	--undefined--	48	m	0
05_4a	ua	21.243	21.286	Avtorka	o	SWW	unfocused	N/A	43	--undefined--	46	m	0
05_4a	ua	33.444	33.477	stAtuya	u	SWW	unfocused	N/A	33	--undefined--	47	m	0
05_4a	ua	46.624	46.671	lAstivka	i	SWW	unfocused	N/A	48	157	44	m	0
05_4a	ua	51.322	51.373	bErezen'	e	SWW	unfocused	N/A	51	128	52	m	0
05_4a	ua	4.479	4.535	Avtorka	o	SWW	focused	N/A	56	132	38	m	1
05_4a	ua	16.399	16.433	lAstivka	i	SWW	focused	N/A	34	89	34	m	0
05_4a	ua	32.605	32.63	stAtuya	u	SWW	focused	N/A	26	--undefined--	43	m	0
05_4a	ua	46.75	46.832	bErezen'	e	SWW	focused	N/A	82	123	50	m	0
05_4a	ua	55.335	55.397	hYkavka	a	SWW	focused	N/A	62	130	53	m	1
05_4a	ua	7.149	7.23	vYrizka	i	SWW	focused	N/A	81	126	59	m	1
05_4a	ua	12.104	12.166	zAbavka	a	SWW	focused	N/A	62	124	42	m	1
05_4a	ua	23.341	23.427	zArodok	o	SWW	focused	N/A	86	122	56	m	1
05_4a	ua	40.693	40.745	vEresen'	e	SWW	unfocused	N/A	52	126	51	m	0
05_4a	ua	60.771	60.828	pOdushka	u	SWW	focused	N/A	57	133	53	m	0
06_4b	de	26.915	26.956	stImulus	u	SWW	unfocused	N/A	41	214	68	f	1
06_4b	de	49.808	49.879	kAviar	i	SWW	focused	N/A	72	200	59	f	0
06_4b	de	54.957	55.012	Abakus	a	SWW	focused	N/A	55	176	65	f	0
06_4b	de	78.576	78.599	Oktopus	o	SWW	focused	N/A	23	218	63	f	1
06_4b	de	90.644	90.959	kAbeljau	e	SWW	N/A	fail	315	227	70	f	0
06_4b	de	115.058	115.089	Oktopus	o	SWW	unfocused	N/A	31	267	64	f	0
06_4b	de	130.846	130.91	Abakus	a	SWW	unfocused	N/A	64	250	67	f	0
06_4b	de	137.777	137.805	stImulus	u	SWW	unfocused	N/A	28	244	72	f	0
06_4b	de	155.588	155.682	kAviar	i	SWW	unfocused	fail	95	235	67	f	0
06_4b	de	178.106	178.564	kAbeljau	e	SWW	unfocused	fail	458	229	58	f	0
06_4b	de	208.194	208.243	Exodus	o	SWW	focused	N/A	49	194	57	f	0
06_4b	de	217.384	217.425	kOpula	u	SWW	focused	N/A	41	213	64	f	0
06_4b	de	232.209	232.228	Enkelin	e	SWW	focused	N/A	19	218	56	f	1
06_4b	de	237.432	237.472	Abakus	a	SWW	focused	N/A	40	220	61	f	0
06_4b	de	251.517	251.56	kAritas	i	SWW	focused	N/A	43	175	52	f	0
06_4b	de	289.678	289.696	Enkelin	e	SWW	unfocused	N/A	18	265	67	f	0
06_4b	de	315.622	315.639	kOpula	u	SWW	unfocused	N/A	17	258	51	f	0
06_4b	de	332.319	332.363	Abakus	a	SWW	unfocused	N/A	44	243	48	f	0
06_4b	de	343.588	343.617	Exodus	o	SWW	unfocused	N/A	28	266	63	f	0
06_4b	de	358.951	358.993	kAritas	i	SWW	unfocused	N/A	42	260	62	f	0
06_4b	ua	16.574	16.611	pArostok	o	SWW	focused	N/A	37	--undefined--	61	f	0
06_4b	ua	26.185	26.232	pErepel	e	SWW	focused	N/A	47	178	59	f	0
06_4b	ua	32.308	32.364	rAyduzhka	u	SWW	focused	N/A	56	--undefined--	55	f	0
06_4b	ua	37.852	38.089	kUr'ava	a	SWW	focused	fail	237	206	69	f	0
06_4b	ua	46.903	46.937	bEsida	i	SWW	focused	N/A	34	233	55	f	0
06_4b	ua	94.365	94.386	bEsida	i	SWW	unfocused	int?	21	199	53	f	0
06_4b	ua	114.906	115.075	kUr'ava	a	SWW	unfocused	fail	170	101	57	f	0
06_4b	ua	134.253	134.313	pErepel	e	SWW	unfocused	N/A	60	185	53	f	0
06_4b	ua	147.994	148.047	pArostok	o	SWW	unfocused	N/A	53	93	56	f	0
06_4b	ua	162.471	162.533	rAyduzhka	u	SWW	unfocused	N/A	62	189	56	f	0
06_4b	ua	186.536	186.592	dErevo	e	SWW	focused	N/A	56	174	62	f	0
06_4b	ua	200.083	200.131	pOdruha	u	SWW	focused	N/A	48	174	52	f	0
06_4b	ua	213.099	213.289	prOlisok	i	SWW	focused	fail	190	208	61	f	0
06_4b	ua	222.832	222.858	zOloto	o	SWW	focused	N/A	26	--undefined--	56	f	0
06_4b	ua	236.198	236.228	pYsanka	a	SWW	focused	N/A	30	238	46	f	0
06_4b	ua	254.181	254.239	prOlisok	i	SWW	unfocused	N/A	58	191	56	f	0
06_4b	ua	262.652	262.71	dErevo	e	SWW	unfocused	N/A	58	94	59	f	0
06_4b	ua	276.56	276.606	pOdruha	u	SWW	unfocused	N/A	45	188	57	f	0
06_4b	ua	291.362	291.427	zOloto	o	SWW	unfocused	N/A	65	192	51	f	0
06_4b	ua	313.295	313.331	pYsanka	a	SWW	unfocused	N/A	36	205	58	f	0
07_1a	de	15.454	15.493	Exodus	o	SWW	focused	N/A	39	202	52	f	1
07_1a	de	25.242	25.279	kOpula	u	SWW	focused	N/A	37	219	66	f	0
07_1a	de	39.341	39.378	Enkelin	e	SWW	focused	N/A	37	213	64	f	0
07_1a	de	44.701	44.755	Abakus	a	SWW	focused	N/A	55	201	63	f	0
07_1a	de	60.54	60.621	kAritas	i	SWW	focused	N/A	81	216	60	f	0
07_1a	ua	18.342	18.411	prOlisok	i	SWW	unfocused	N/A	69	179	61	f	0
07_1a	ua	29.223	29.282	dErevo	e	SWW	unfocused	N/A	59	182	61	f	0
07_1a	ua	44.646	44.704	pOdruha	u	SWW	unfocused	N/A	58	187	63	f	0
07_1a	ua	60.265	60.339	zOloto	o	SWW	unfocused	N/A	74	183	54	f	0
07_1a	ua	80.801	80.848	pYsanka	a	SWW	unfocused	N/A	46	100	54	f	0
07_1a	ua	19.282	19.339	dErevo	e	SWW	focused	N/A	57	192	62	f	0
07_1a	ua	33.533	33.58	pOdruha	u	SWW	focused	N/A	46	209	64	f	0
07_1a	ua	48.587	48.655	prOlisok	i	SWW	focused	N/A	68	202	58	f	0
07_1a	ua	58.242	58.31	zOloto	o	SWW	focused	N/A	68	198	62	f	0
07_1a	ua	73.499	73.549	pYsanka	a	SWW	focused	N/A	49	214	58	f	0
08_2a	de	4.846	4.869	kOsovo	o	SWW	unfocused	N/A	23	130	48	m	1
08_2a	de	11.055	11.153	Ursula	u	SWW	unfocused	fail	98	126	62	m	0
08_2a	de	32.922	32.963	Ananas	a	SWW	unfocused	N/A	41	130	56	m	0
08_2a	de	56.015	56.041	spIritus	i	SWW	unfocused	N/A	26	129	45	m	0
08_2a	de	62.599	62.675	lIbero	e	SWW	unfocused	N/A	76	129	55	m	0
08_2a	de	16.376	16.446	Ursula	u	SWW	focused	N/A	70	171	64	m	1
08_2a	de	36.337	36.396	Ananas	a	SWW	focused	N/A	58	204	60	m	1
08_2a	de	51.695	51.77	lIbero	e	SWW	focused	N/A	74	173	54	m	1
08_2a	de	61.669	61.729	kOsovo	o	SWW	focused	N/A	60	194	62	m	1
08_2a	de	71.901	71.942	spIritus	i	SWW	focused	N/A	41	164	47	m	1
08_2a	ua	8.859	8.934	hYkavka	a	SWW	unfocused	N/A	75	110	58	m	1
08_2a	ua	27.87	27.908	Avtorka	o	SWW	unfocused	N/A	38	110	60	m	1
08_2a	ua	45.457	45.47	stAtuya	u	SWW	unfocused	N/A	12	123	53	m	1
08_2a	ua	61.955	61.985	lAstivka	i	SWW	unfocused	N/A	30	115	51	m	1
08_2a	ua	67.919	67.998	bErezen'	e	SWW	unfocused	N/A	79	105	62	m	1
08_2a	ua	6.69	6.742	Avtorka	o	SWW	focused	N/A	52	113	44	m	1
08_2a	ua	22.259	22.303	lAstivka	i	SWW	focused	N/A	45	106	49	m	1
08_2a	ua	43.573	43.645	stAtuya	u	SWW	focused	N/A	71	113	44	m	1
08_2a	ua	66.877	66.95	bErezen'	e	SWW	focused	N/A	73	104	55	m	1
08_2a	ua	78.45	78.494	hYkavka	a	SWW	focused	N/A	44	106	55	m	1
09_4a	de	34.849	34.926	stImulus	u	SWW	focused	N/A	76	113	45	m	0
09_4a	de	55.718	56.059	kAviar	i	SWW	focused	fail	342	124	45	m	0
09_4a	de	61.408	61.589	Abakus	a	SWW	focused	fail	181	109	41	m	0
09_4a	de	88.877	89.047	Oktopus	o	SWW	focused	fail	170	--undefined--	37	m	0
09_4a	de	102.401	102.667	kAbeljau	e	SWW	focused	fail	265	111	46	m	0
09_4a	de	133.796	133.842	Oktopus	o	SWW	unfocused	N/A	47	--undefined--	35	m	0
09_4a	de	149.512	149.55	Abakus	a	SWW	unfocused	N/A	38	108	33	m	0
09_4a	de	155.024	155.072	stImulus	u	SWW	unfocused	N/A	48	107	42	m	0
09_4a	de	169.826	170.031	kAviar	i	SWW	unfocused	fail	205	103	41	m	0
09_4a	de	192.57	192.615	kAbeljau	e	SWW	unfocused	N/A	46	--undefined--	39	m	0
09_4a	de	221.567	221.684	Enkelin	e	SWW	unfocused	N/A	117	105	34	m	0
09_4a	de	246.878	246.917	kOpula	u	SWW	unfocused	N/A	39	106	43	m	0
09_4a	de	262.432	262.474	Abakus	a	SWW	unfocused	N/A	41	120	31	m	0
09_4a	de	273.74	273.772	Exodus	o	SWW	unfocused	N/A	33	110	34	m	0
09_4a	de	290.783	290.842	kAritas	i	SWW	unfocused	N/A	59	134	39	m	0
09_4a	de	309.374	309.46	Exodus	o	SWW	focused	N/A	86	102	39	m	0
09_4a	de	320.529	320.559	kOpula	u	SWW	focused	N/A	29	110	36	m	0
09_4a	de	334.611	334.638	Enkelin	e	SWW	focused	N/A	27	136	36	m	0
09_4a	de	339.165	339.23	Abakus	a	SWW	focused	N/A	65	114	43	m	0
09_4a	de	353.593	353.642	kAritas	i	SWW	focused	N/A	50	126	34	m	0
09_4a	ua	19.196	19.261	pArostok	o	SWW	focused	N/A	65	118	39	m	0
09_4a	ua	29.991	30.036	pErepel	e	SWW	focused	N/A	45	116	36	m	1
09_4a	ua	36.221	36.277	rAyduzhka	u	SWW	unfocused	N/A	56	107	36	m	0
09_4a	ua	41.676	41.771	kUr'ava	a	SWW	focused	N/A	94	126	44	m	0
09_4a	ua	52.515	52.542	bEsida	i	SWW	focused	N/A	27	127	38	m	0
09_4a	ua	100.544	100.609	bEsida	i	SWW	unfocused	N/A	64	77	34	m	0
09_4a	ua	114.266	114.356	zavdAnn'a	a	SWW	unfocused	N/A	90	96	39	m	0
09_4a	ua	119.694	119.771	kUr'ava	a	SWW	unfocused	N/A	77	102	38	m	0
09_4a	ua	139.581	139.642	pErepel	e	SWW	unfocused	N/A	61	104	36	m	0
09_4a	ua	154.967	155.017	pArostok	o	SWW	unfocused	N/A	50	109	45	m	0
09_4a	ua	168.872	168.904	rAyduzhka	u	SWW	unfocused	N/A	32	112	45	m	0
09_4a	ua	183.95	184.004	prOlisok	i	SWW	unfocused	N/A	54	107	38	m	0
09_4a	ua	192.84	192.925	dErevo	e	SWW	unfocused	N/A	84	109	39	m	0
09_4a	ua	205.76	205.844	pOdruha	u	SWW	unfocused	N/A	84	111	42	m	0
09_4a	ua	219.99	220.06	zOloto	o	SWW	unfocused	N/A	69	115	36	m	0
09_4a	ua	235.944	236.131	pYsanka	a	SWW	unfocused	fail	187	112	35	m	0
09_4a	ua	260.249	260.3	dErevo	e	SWW	focused	N/A	50	151	45	m	0
09_4a	ua	272.348	272.372	pOdruha	u	SWW	unfocused	N/A	23	118	40	m	0
09_4a	ua	282.955	283.018	prOlisok	i	SWW	focused	N/A	63	121	42	m	0
09_4a	ua	290.832	290.894	zOloto	o	SWW	focused	N/A	62	125	44	m	0
09_4a	ua	301.847	301.901	pYsanka	a	SWW	focused	N/A	53	130	42	m	0
10_1b	de	27.803	27.863	Exodus	o	SWW	focused	N/A	60	223	40	f	1
10_1b	de	38.695	38.753	kOpula	u	SWW	focused	N/A	58	221	45	f	1
10_1b	de	56.204	56.24	Enkelin	e	SWW	focused	N/A	36	235	39	f	0
10_1b	de	61.865	61.961	Abakus	a	SWW	focused	N/A	96	204	48	f	1
10_1b	de	78.331	78.4	kAritas	i	SWW	focused	N/A	69	220	49	f	1
10_1b	de	17.481	17.507	Enkelin	e	SWW	unfocused	N/A	26	300	47	f	1
10_1b	de	48.111	48.186	kOpula	u	SWW	unfocused	N/A	75	299	46	f	1
10_1b	de	66.672	66.737	Abakus	a	SWW	unfocused	N/A	65	262	40	f	1
10_1b	de	79.445	79.491	Exodus	o	SWW	unfocused	N/A	47	296	49	f	1
10_1b	de	97.767	97.826	kAritas	i	SWW	unfocused	N/A	60	307	50	f	1
10_1b	de	15.727	15.785	kOlibri	i	SWW	focused	N/A	58	241	51	f	0
10_1b	de	32.7	32.748	gEgenstand	e	SWW	focused	N/A	48	236	44	f	1
10_1b	de	53.074	53.132	Anorak	o	SWW	focused	N/A	57	223	48	f	1
10_1b	de	58.512	58.596	kAnapee	a	SWW	focused	N/A	84	216	52	f	1
10_1b	de	76.309	76.4	Uvula	u	SWW	focused	N/A	91	224	52	f	1
10_1b	de	9.665	9.715	gEgenstand	e	SWW	unfocused	N/A	50	291	55	f	1
10_1b	de	31.195	31.24	Anorak	o	SWW	unfocused	N/A	45	265	48	f	0
10_1b	de	53.406	53.468	kAnapee	a	SWW	unfocused	N/A	62	256	46	f	0
10_1b	de	63.965	64.017	Uvula	u	SWW	unfocused	N/A	52	279	55	f	0
10_1b	de	87.75	87.792	kOlibri	i	SWW	unfocused	N/A	42	269	48	f	0
10_1b	ua	33.555	33.665	dErevo	e	SWW	focused	N/A	111	198	44	f	1
10_1b	ua	48.566	48.624	pOdruha	u	SWW	focused	N/A	57	208	47	f	1
10_1b	ua	61.727	61.787	prOlisok	i	SWW	focused	N/A	60	202	45	f	1
10_1b	ua	70.653	70.733	zOloto	o	SWW	focused	N/A	81	194	46	f	1
10_1b	ua	84.283	84.393	pYsanka	a	SWW	focused	N/A	109	209	45	f	1
10_1b	ua	16.126	16.193	prOlisok	i	SWW	unfocused	N/A	67	199	48	f	1
10_1b	ua	26.284	26.362	dErevo	e	SWW	unfocused	N/A	79	195	48	f	0
10_1b	ua	43.019	43.101	pOdruha	u	SWW	unfocused	N/A	82	199	48	f	0
10_1b	ua	59.348	59.598	zOloto	o	SWW	unfocused	fail	250	238	52	f	0
10_1b	ua	80.168	80.255	pYsanka	a	SWW	unfocused	N/A	88	205	43	f	1
10_1b	ua	9.327	9.4	vYrizka	i	SWW	focused	N/A	72	209	52	f	1
10_1b	ua	13.951	14.001	zAbavka	a	SWW	focused	N/A	50	204	41	f	1
10_1b	ua	26.943	27.039	zArodok	o	SWW	focused	N/A	96	195	47	f	1
10_1b	ua	47.378	47.471	vEresen'	e	SWW	focused	N/A	93	201	43	f	0
10_1b	ua	66.958	67.033	pOdushka	u	SWW	focused	N/A	75	204	48	f	0
10_1b	ua	23.855	23.928	pOdushka	u	SWW	unfocused	N/A	73	202	47	f	1
10_1b	ua	38.715	38.792	zAbavka	a	SWW	unfocused	N/A	77	205	42	f	0
10_1b	ua	53	53.076	vYrizka	i	SWW	unfocused	N/A	76	202	40	f	0
10_1b	ua	62.401	62.488	vEresen'	e	SWW	unfocused	N/A	86	197	44	f	0
10_1b	ua	67.663	67.739	zArodok	o	SWW	unfocused	N/A	76	204	46	f	1
11_4b	de	31.357	31.39	stImulus	u	SWW	focused	N/A	33	194	53	f	0
11_4b	de	51.694	51.754	kAviar	i	SWW	focused	N/A	60	179	50	f	0
11_4b	de	56.835	56.91	Abakus	a	SWW	focused	N/A	75	181	51	f	1
11_4b	de	83.649	83.82	Oktopus	o	SWW	focused	fail	172	278	47	f	0
11_4b	de	94.576	94.618	kAbeljau	e	SWW	focused	N/A	43	275	48	f	1
11_4b	de	120.023	120.071	Oktopus	o	SWW	unfocused	N/A	47	206	36	f	1
11_4b	de	137.989	138.066	Abakus	a	SWW	unfocused	N/A	77	194	46	f	1
11_4b	de	162.554	162.628	kAviar	i	SWW	unfocused	N/A	74	255	52	f	0
11_4b	de	184.089	184.118	kAbeljau	e	SWW	unfocused	N/A	29	272	51	f	0
11_4b	de	215.154	215.194	Exodus	o	SWW	focused	N/A	41	191	46	f	0
11_4b	de	226.332	226.402	kOpula	u	SWW	focused	N/A	69	186	47	f	0
11_4b	de	242.301	242.327	Enkelin	e	SWW	focused	N/A	26	205	37	f	0
11_4b	de	247.891	247.961	Abakus	a	SWW	focused	N/A	70	194	45	f	0
11_4b	de	263.765	263.826	kAritas	i	SWW	focused	N/A	61	205	43	f	0
11_4b	de	299.549	299.603	Enkelin	e	SWW	unfocused	N/A	53	233	50	f	0
11_4b	de	324.831	324.909	kOpula	u	SWW	unfocused	N/A	79	252	50	f	0
11_4b	ua	19.788	19.847	pArostok	o	SWW	focused	N/A	60	89	40	f	0
11_4b	ua	28.992	29.036	pErepel	e	SWW	focused	N/A	44	160	30	f	0
11_4b	ua	33.904	33.959	rAyduzhka	u	SWW	focused	N/A	56	163	36	f	1
11_4b	ua	39.419	39.524	kUr'ava	a	SWW	focused	N/A	105	188	52	f	1
11_4b	ua	49.021	49.06	bEsida	i	SWW	focused	N/A	39	83	37	f	0
11_4b	ua	103.221	103.257	bEsida	i	SWW	unfocused	N/A	35	162	39	f	0
11_4b	ua	126.209	126.329	kUr'ava	a	SWW	unfocused	N/A	119	161	47	f	0
11_4b	ua	150.456	150.514	pErepel	e	SWW	unfocused	N/A	58	152	41	f	0
11_4b	ua	167.484	167.56	pArostok	o	SWW	unfocused	N/A	75	86	38	f	0
11_4b	ua	185.603	185.663	rAyduzhka	u	SWW	unfocused	N/A	60	166	36	f	1
11_4b	ua	214.424	214.492	dErevo	e	SWW	focused	N/A	67	157	48	f	0
11_4b	ua	229.748	229.823	pOdruha	u	SWW	focused	N/A	74	165	45	f	1
11_4b	ua	245.262	245.313	prOlisok	i	SWW	focused	N/A	51	165	40	f	0
11_4b	ua	255.636	255.714	zOloto	o	SWW	focused	N/A	78	161	44	f	0
11_4b	ua	270.679	270.719	pYsanka	a	SWW	focused	N/A	40	170	40	f	0
11_4b	ua	287.933	287.973	prOlisok	i	SWW	unfocused	N/A	40	158	39	f	0
11_4b	ua	297.912	297.977	dErevo	e	SWW	unfocused	N/A	65	160	47	f	0
11_4b	ua	313.845	313.895	pOdruha	u	SWW	unfocused	N/A	50	154	42	f	0
11_4b	ua	330.43	330.493	zOloto	o	SWW	unfocused	N/A	63	155	45	f	0
12_1a	de	11.257	11.35	Enkelin	e	SWW	unfocused	N/A	93	294	44	f	0
12_1a	de	39.502	39.563	kOpula	u	SWW	unfocused	N/A	60	266	41	f	0
12_1a	de	57.634	57.725	Abakus	a	SWW	unfocused	N/A	91	193	45	f	0
12_1a	de	68.949	69.044	Exodus	o	SWW	unfocused	N/A	95	254	45	f	0
12_1a	de	86.109	86.219	kAritas	i	SWW	unfocused	N/A	110	238	38	f	0
12_1a	de	113.294	113.385	Exodus	o	SWW	focused	N/A	91	183	37	f	0
12_1a	de	122.935	123.003	kOpula	u	SWW	focused	N/A	68	193	46	f	0
12_1a	de	136.884	136.934	Enkelin	e	SWW	focused	N/A	50	259	36	f	0
12_1a	de	141.989	142.047	Abakus	a	SWW	focused	N/A	59	243	36	f	0
12_1a	de	157.054	157.106	kAritas	i	SWW	focused	N/A	52	292	48	f	0
12_1a	de	194.657	194.815	kOlibri	i	SWW	focused	N/A	158	259	45	f	0
12_1a	de	209.883	209.933	gEgenstand	e	SWW	focused	N/A	50	292	44	f	0
12_1a	de	229.316	229.416	Anorak	o	SWW	focused	N/A	101	340	51	f	0
12_1a	de	234.207	234.258	kAnapee	a	SWW	focused	N/A	51	404	44	f	0
12_1a	de	249.619	249.714	Uvula	u	SWW	focused	N/A	94	218	47	f	0
12_1a	de	275.861	275.915	gEgenstand	e	SWW	unfocused	N/A	55	223	48	f	0
12_1a	de	298.324	298.395	Anorak	o	SWW	unfocused	N/A	71	257	48	f	0
12_1a	de	321.824	321.983	kAnapee	a	SWW	unfocused	N/A	159	255	36	f	0
12_1a	de	332.543	332.623	Uvula	u	SWW	unfocused	N/A	80	251	46	f	0
12_1a	de	353.698	353.803	kOlibri	i	SWW	unfocused	N/A	105	261	44	f	0
12_1a	ua	10.54	10.599	prOlisok	i	SWW	unfocused	N/A	59	160	46	f	0
12_1a	ua	21.615	21.69	dErevo	e	SWW	unfocused	N/A	75	148	45	f	0
12_1a	ua	37.742	37.813	pOdruha	u	SWW	unfocused	N/A	71	156	46	f	0
12_1a	ua	53.745	53.813	zOloto	o	SWW	unfocused	N/A	68	147	44	f	0
12_1a	ua	73.312	73.372	pYsanka	a	SWW	unfocused	N/A	60	--undefined--	40	f	0
12_1a	ua	106.263	106.373	dErevo	e	SWW	focused	N/A	110	153	40	f	0
12_1a	ua	131.737	131.802	prOlisok	i	SWW	focused	N/A	64	195	47	f	0
12_1a	ua	140.692	140.766	zOloto	o	SWW	focused	N/A	74	172	38	f	0
12_1a	ua	154.458	154.518	pYsanka	a	SWW	focused	N/A	60	182	50	f	0
12_1a	ua	169.833	169.923	vYrizka	i	SWW	focused	N/A	90	195	47	f	0
12_1a	ua	174.542	174.632	zAbavka	a	SWW	focused	N/A	90	175	49	f	0
12_1a	ua	188.717	188.795	zArodok	o	SWW	focused	N/A	78	201	51	f	0
12_1a	ua	231.906	231.972	pOdushka	u	SWW	focused	N/A	66	204	38	f	0
12_1a	ua	264.803	264.891	pOdushka	u	SWW	unfocused	N/A	88	81	37	f	0
12_1a	ua	281.058	281.107	zAbavka	a	SWW	unfocused	N/A	50	127	41	f	0
12_1a	ua	296.974	297.037	vYrizka	i	SWW	unfocused	N/A	63	75	37	f	0
12_1a	ua	306.744	306.806	vEresen'	e	SWW	unfocused	N/A	62	116	44	f	0
12_1a	ua	312.409	312.513	zArodok	o	SWW	unfocused	N/A	105	141	40	f	0
13_2a	de	5.983	6.071	kOsovo	o	SWW	unfocused	N/A	88	239	37	f	0
13_2a	de	12.56	12.632	Ursula	u	SWW	unfocused	N/A	72	271	45	f	0
13_2a	de	33.438	33.509	Ananas	a	SWW	unfocused	N/A	70	278	48	f	0
13_2a	de	56.545	56.634	spIritus	i	SWW	unfocused	N/A	88	250	45	f	0
13_2a	de	111.352	111.421	Ursula	u	SWW	focused	N/A	69	253	50	f	1
13_2a	de	130.87	130.986	Ananas	a	SWW	focused	N/A	115	377	45	f	0
13_2a	de	146.05	146.186	lIbero	e	SWW	focused	N/A	135	269	48	f	0
13_2a	de	155.247	155.357	kOsovo	o	SWW	focused	N/A	110	249	48	f	0
13_2a	de	164.025	164.11	spIritus	i	SWW	focused	N/A	85	332	44	f	0
13_2a	de	192.541	192.632	stImulus	u	SWW	focused	N/A	90	260	54	f	0
13_2a	de	212.173	212.254	kAviar	i	SWW	focused	N/A	80	285	51	f	1
13_2a	de	216.798	216.946	Abakus	a	SWW	focused	N/A	148	235	38	f	1
13_2a	de	239.545	239.596	Oktopus	o	SWW	focused	N/A	51	232	46	f	0
13_2a	de	247.859	247.905	kAbeljau	e	SWW	focused	N/A	45	300	53	f	0
13_2a	de	273.384	273.403	Oktopus	o	SWW	unfocused	N/A	19	316	41	f	0
13_2a	de	278.957	279.051	akUstik	u	SWW	unfocused	N/A	94	185	41	f	0
13_2a	de	290.1	290.153	Abakus	a	SWW	unfocused	N/A	53	228	34	f	0
13_2a	de	296.815	296.887	stImulus	u	SWW	unfocused	N/A	73	243	45	f	0
13_2a	de	313.327	313.397	kAviar	i	SWW	unfocused	N/A	71	231	47	f	0
13_2a	de	333.698	333.751	kAbeljau	e	SWW	unfocused	N/A	53	242	42	f	0
13_2a	ua	7.384	7.454	hYkavka	a	SWW	unfocused	N/A	70	173	38	f	1
13_2a	ua	25.233	25.3	Avtorka	o	SWW	unfocused	N/A	67	162	35	f	0
13_2a	ua	43.682	43.735	stAtuya	u	SWW	unfocused	int?	53	--undefined--	29	f	0
13_2a	ua	50.25	50.389	bolOto	o	SWW	unfocused	N/A	139	147	37	f	1
13_2a	ua	61.705	61.77	lAstivka	i	SWW	unfocused	N/A	66	90	28	f	0
13_2a	ua	68.278	68.388	bErezen'	e	SWW	unfocused	N/A	109	92	35	f	0
13_2a	ua	102.58	102.692	Avtorka	o	SWW	focused	N/A	111	189	41	f	0
13_2a	ua	120.502	120.584	lAstivka	i	SWW	focused	N/A	82	177	37	f	0
13_2a	ua	143.918	144.003	stAtuya	u	SWW	focused	N/A	85	158	39	f	1
13_2a	ua	168.111	168.251	bErezen'	e	SWW	focused	N/A	139	196	46	f	0
13_2a	ua	181.698	181.812	hYkavka	a	SWW	focused	N/A	113	171	44	f	0
13_2a	ua	203.538	203.646	pArostok	o	SWW	focused	N/A	108	148	45	f	0
13_2a	ua	215.698	215.791	pErepel	e	SWW	focused	N/A	93	223	50	f	1
13_2a	ua	222.661	222.753	rAyduzhka	u	SWW	focused	N/A	92	100	40	f	0
13_2a	ua	228.945	229.063	kUr'ava	a	SWW	focused	N/A	118	200	46	f	0
13_2a	ua	239.607	239.688	bEsida	i	SWW	focused	N/A	81	202	44	f	0
13_2a	ua	301.174	301.232	bEsida	i	SWW	unfocused	N/A	58	182	34	f	0
13_2a	ua	328.036	328.118	kUr'ava	a	SWW	unfocused	N/A	82	--undefined--	43	f	1
13_2a	ua	352.438	352.495	pErepel	e	SWW	unfocused	N/A	57	--undefined--	42	f	0
13_2a	ua	372.565	372.648	pArostok	o	SWW	unfocused	N/A	83	172	43	f	0
13_2a	ua	392.26	392.322	rAyduzhka	u	SWW	unfocused	N/A	62	186	38	f	0
14_3a	de	31.946	31.978	gEgenstand	e	SWW	focused	N/A	32	231	53	f	0
14_3a	de	58.539	58.656	kAnapee	a	SWW	focused	fail	116	207	47	f	0
14_3a	de	75.344	75.409	Uvula	u	SWW	focused	N/A	65	177	47	f	0
14_3a	de	104.11	104.194	gEgenstand	e	SWW	unfocused	fail	84	209	49	f	0
14_3a	de	128.993	129.087	Anorak	o	SWW	unfocused	N/A	94	209	50	f	0
14_3a	de	158.848	158.956	kAnapee	a	SWW	unfocused	fail	108	196	44	f	0
14_3a	de	171.207	171.274	Uvula	u	SWW	unfocused	N/A	66	194	48	f	0
14_3a	de	199.52	199.613	kOlibri	i	SWW	unfocused	N/A	93	208	50	f	0
14_3a	de	219.482	219.56	kOsovo	o	SWW	unfocused	N/A	78	202	42	f	0
14_3a	de	225.514	225.568	Ursula	u	SWW	unfocused	N/A	54	--undefined--	39	f	0
14_3a	de	277.551	277.627	spIritus	i	SWW	unfocused	N/A	76	229	48	f	0
14_3a	de	284.421	284.487	lIbero	e	SWW	unfocused	N/A	65	221	50	f	0
14_3a	de	339.073	339.153	Ursula	u	SWW	focused	N/A	79	176	38	f	0
14_3a	de	361.014	361.08	Ananas	a	SWW	focused	N/A	67	225	52	f	0
14_3a	de	375.71	375.79	lIbero	e	SWW	focused	N/A	80	217	50	f	0
14_3a	de	385.523	385.593	kOsovo	o	SWW	focused	N/A	70	211	46	f	0
14_3a	de	395.736	395.836	spIritus	i	SWW	focused	N/A	99	225	46	f	0
14_3a	ua	10.072	10.134	vYrizka	i	SWW	focused	N/A	61	198	39	f	0
14_3a	ua	16.02	16.124	zAbavka	a	SWW	focused	fail	104	193	48	f	0
14_3a	ua	32.715	32.753	zArodok	o	SWW	focused	N/A	38	187	42	f	0
14_3a	ua	57.663	57.712	vEresen'	e	SWW	focused	N/A	49	185	41	f	0
14_3a	ua	82.67	82.708	pOdushka	u	SWW	focused	N/A	39	197	43	f	1
14_3a	ua	117.21	117.253	pOdushka	u	SWW	unfocused	N/A	43	188	38	f	0
14_3a	ua	134.656	134.705	zAbavka	a	SWW	unfocused	N/A	50	185	41	f	0
14_3a	ua	150.563	150.632	vYrizka	i	SWW	unfocused	N/A	69	141	39	f	0
14_3a	ua	161.061	161.101	vEresen'	e	SWW	unfocused	N/A	40	194	37	f	0
14_3a	ua	166.438	166.485	zArodok	o	SWW	unfocused	N/A	47	90	42	f	0
14_3a	ua	192.275	192.312	hYkavka	a	SWW	unfocused	N/A	37	540	42	f	0
14_3a	ua	208.086	208.118	Avtorka	o	SWW	unfocused	N/A	31	191	39	f	0
14_3a	ua	226.114	226.149	stAtuya	u	SWW	unfocused	N/A	35	190	38	f	0
14_3a	ua	241.297	241.371	lAstivka	i	SWW	unfocused	N/A	75	--undefined--	35	f	0
14_3a	ua	246.665	246.724	bErezen'	e	SWW	unfocused	N/A	59	179	38	f	0
14_3a	ua	286.207	286.246	Avtorka	o	SWW	focused	N/A	39	182	36	f	0
14_3a	ua	302.056	302.105	lAstivka	i	SWW	focused	N/A	49	212	39	f	0
14_3a	ua	321.468	321.504	stAtuya	u	SWW	focused	N/A	36	--undefined--	33	f	0
14_3a	ua	343.775	343.847	bErezen'	e	SWW	focused	N/A	72	174	41	f	0
14_3a	ua	355.969	357.577	hYkavka	a	SWW	focused	fail	1.608	224	42	f	0
13_2a	ua	340.543	340.718	gatUnok	u	WSW	unfocused	N/A	175	233	44	f	0
14_3a	de	251.043	251.109	Ananas	a	SWW	unfocused	N/A	66	215	51	f	0
12_1a	ua	209.883	209.958	vEresen'	e	SWW	focused	N/A	75	188	39	f	0
12_1a	ua	118.741	118.814	pOdruha	u	SWW	focused	N/A	73	183	46	f	0
13_2a	de	62.472	62.56	lIbero	e	SWW	unfocused	N/A	87	275	47	f	0
12_1a	de	167.247	167.352	libElle	e	WSW	focused	N/A	105	310	56	f	0
01_2b	de	21.183	21.411	latErne	e	WSW	focused	N/A	228	226	57	f	1
01_2b	de	37.507	37.697	melOne	o	WSW	focused	N/A	190	243	57	f	1
01_2b	de	43.028	43.262	parAbel	a	WSW	focused	N/A	235	214	60	f	1
01_2b	de	64.819	64.945	alUmnus	u	WSW	focused	N/A	126	258	58	f	1
01_2b	de	99.751	99.865	kanInchen	i	WSW	focused	N/A	114	241	60	f	1
01_2b	de	134.03	134.218	parAbel	a	WSW	unfocused	N/A	188	263	59	f	1
01_2b	de	160.838	160.996	latErne	e	WSW	unfocused	N/A	158	235	56	f	1
01_2b	de	193.695	193.78	alUmnus	u	WSW	unfocused	N/A	85	210	55	f	1
01_2b	de	205.268	205.378	kanInchen	i	WSW	unfocused	N/A	110	201	56	f	0
01_2b	de	217.987	218.099	akUstik	u	WSW	focused	N/A	111	283	53	f	1
01_2b	de	235.577	235.688	trompEte	e	WSW	focused	N/A	111	267	53	f	1
01_2b	de	247.232	247.355	panAde	a	WSW	focused	fail	123	227	59	f	1
01_2b	de	273.132	273.345	zitrOne	o	WSW	focused	N/A	213	271	56	f	1
01_2b	de	285.314	285.491	pralIne	i	WSW	focused	N/A	177	247	57	f	1
01_2b	de	315.234	315.355	trompEte	e	WSW	unfocused	N/A	122	176	48	f	0
01_2b	de	335.062	335.144	akUstik	u	WSW	unfocused	N/A	83	208	44	f	1
01_2b	de	368.095	368.209	panAde	a	WSW	unfocused	fail	114	212	57	f	1
01_2b	de	388.241	388.401	zitrOne	o	WSW	unfocused	N/A	160	207	54	f	0
01_2b	de	409.199	409.359	pralIne	i	WSW	unfocused	N/A	160	205	51	f	0
01_2b	ua	32.369	32.549	syrEna	e	WSW	focused	N/A	180	197	54	f	1
01_2b	ua	48.577	48.706	bolOto	o	WSW	focused	N/A	129	173	55	f	1
01_2b	ua	69.9	70.028	zaprAvka	a	WSW	focused	N/A	127	182	54	f	1
01_2b	ua	75.998	76.141	spolUka	u	WSW	focused	N/A	143	237	53	f	1
01_2b	ua	87.895	88.053	horIshok	i	WSW	focused	N/A	158	228	51	f	1
01_2b	ua	118.205	118.3	spolUka	u	WSW	unfocused	N/A	95	176	51	f	0
01_2b	ua	137.133	137.26	zaprAvka	a	WSW	unfocused	N/A	127	169	48	f	0
01_2b	ua	155.525	155.697	bolOto	o	WSW	unfocused	N/A	172	178	54	f	1
01_2b	ua	185.529	185.675	horIshok	i	WSW	unfocused	N/A	146	196	50	f	1
01_2b	ua	192.025	192.175	syrEna	e	WSW	unfocused	N/A	150	169	53	f	1
01_2b	ua	246.035	246.191	tuzEmets'	e	WSW	focused	N/A	157	223	61	f	1
01_2b	ua	256.29	256.458	korObka	o	WSW	focused	N/A	168	244	59	f	1
01_2b	ua	262.002	262.14	gatUnok	u	WSW	focused	N/A	138	249	53	f	1
01_2b	ua	272.187	272.335	zavdAnn'a	a	WSW	focused	N/A	148	234	63	f	1
01_2b	ua	282.385	282.53	tubIlets'	i	WSW	focused	N/A	145	232	58	f	1
01_2b	ua	302.641	302.786	korObka	o	WSW	unfocused	N/A	144	180	56	f	1
01_2b	ua	313.755	313.91	zavdAnn'a	a	WSW	unfocused	N/A	155	173	57	f	1
01_2b	ua	332.043	332.143	gatUnok	u	WSW	unfocused	N/A	100	172	50	f	1
01_2b	ua	350.349	350.487	tuzEmets'	e	WSW	unfocused	N/A	138	176	57	f	1
01_2b	ua	367.243	367.396	tubIlets'	i	WSW	unfocused	N/A	153	181	50	f	1
03_1b	de	344.588	344.767	kabAle	a	WSW	focused	N/A	179	223	83	f	1
03_1b	de	368.038	368.131	kabIne	i	WSW	focused	N/A	93	316	83	f	0
03_1b	de	397.483	397.572	kanOne	o	WSW	focused	N/A	89	304	81	f	0
03_1b	de	415.669	415.811	libElle	e	WSW	focused	N/A	142	208	77	f	0
03_1b	de	420.902	420.997	kolUmne	u	WSW	focused	N/A	95	335	77	f	0
03_1b	de	431.332	431.446	kabAle	a	WSW	unfocused	int?	114	240	82	f	0
03_1b	de	450.69	450.851	kabIne	i	WSW	unfocused	N/A	161	194	75	f	0
03_1b	de	457.055	457.153	kanOne	o	WSW	unfocused	N/A	98	182	78	f	0
03_1b	de	480.886	480.959	libElle	e	WSW	unfocused	N/A	73	155	75	f	0
03_1b	de	507.068	507.221	kolUmne	u	WSW	unfocused	N/A	153	156	76	f	0
03_1b	de	528.254	528.36	instrUktor	u	WSW	focused	N/A	106	301	78	f	1
03_1b	de	549.04	549.15	vermIEter	i	WSW	focused	N/A	109	303	80	f	0
03_1b	de	568.614	568.781	furOre	o	WSW	focused	N/A	167	265	82	f	0
03_1b	de	593.656	593.867	pauschAle	a	WSW	focused	N/A	211	242	81	f	1
03_1b	de	616.74	616.812	kalEnder	e	WSW	focused	N/A	72	321	83	f	1
03_1b	de	637.064	637.146	vermIEter	i	WSW	unfocused	N/A	82	170	75	f	0
03_1b	de	643.28	643.368	kalEnder	e	WSW	unfocused	N/A	88	149	77	f	0
03_1b	de	661.232	661.359	pauschAle	a	WSW	unfocused	N/A	127	203	79	f	0
03_1b	de	667.377	667.532	furOre	o	WSW	unfocused	N/A	155	153	76	f	0
03_1b	de	694.795	694.893	instrUktor	u	WSW	unfocused	N/A	98	166	75	f	0
03_1b	ua	9.786	9.897	kapUsta	u	WSW	focused	N/A	111	199	72	f	0
03_1b	ua	20.431	20.54	porIchka	i	WSW	focused	N/A	109	226	76	f	0
03_1b	ua	37.269	37.435	porAda	a	WSW	focused	N/A	166	243	80	f	1
03_1b	ua	48.606	48.74	berEza	e	WSW	focused	N/A	134	211	78	f	0
03_1b	ua	74.84	74.974	korOna	o	WSW	focused	N/A	134	198	78	f	0
03_1b	ua	93.648	93.745	berEza	e	WSW	unfocused	N/A	97	137	70	f	0
03_1b	ua	116.212	116.305	porIchka	i	WSW	unfocused	N/A	93	202	76	f	0
03_1b	ua	136.448	136.554	kapUsta	u	WSW	unfocused	N/A	106	161	70	f	0
03_1b	ua	153.167	153.301	korOna	o	WSW	unfocused	N/A	134	165	78	f	1
03_1b	ua	169.089	169.204	porAda	a	WSW	unfocused	N/A	115	165	78	f	1
03_1b	ua	191.119	191.212	darUnok	u	WSW	focused	N/A	93	233	81	f	0
03_1b	ua	205.235	205.348	cherEshn'a	e	WSW	focused	N/A	113	222	79	f	1
03_1b	ua	209.968	210.072	avtObus	o	WSW	focused	N/A	104	256	78	f	1
03_1b	ua	222.33	222.427	sel'Anka	a	WSW	focused	N/A	97	191	79	f	0
03_1b	ua	231.342	231.447	zalIzo	i	WSW	focused	N/A	105	155	73	f	0
03_1b	ua	249.703	249.788	sel'Anka	a	WSW	unfocused	N/A	86	151	76	f	0
03_1b	ua	259.684	259.77	zalIzo	i	WSW	unfocused	N/A	86	162	74	f	1
03_1b	ua	273.913	274.019	avtObus	o	WSW	unfocused	N/A	106	144	74	f	1
03_1b	ua	283.818	283.889	darUnok	u	WSW	unfocused	N/A	72	177	79	f	1
03_1b	ua	319.106	319.203	cherEshn'a	e	WSW	unfocused	N/A	97	184	80	f	1
04_3b	de	11.985	12.047	instrUktor	u	WSW	focused	N/A	62	269	55	f	0
04_3b	de	16.87	17.004	kOlibri	i	WSW	focused	fail	134	254	73	f	0
04_3b	de	26.069	26.19	vermIEter	i	WSW	focused	N/A	122	273	76	f	0
04_3b	de	42.114	42.343	furOre	o	WSW	focused	N/A	229	246	73	f	1
04_3b	de	63.273	63.455	pauschAle	a	WSW	focused	N/A	182	222	72	f	0
04_3b	de	83.158	83.258	kalEnder	e	WSW	focused	N/A	99	230	76	f	1
04_3b	de	107.946	108.006	vermIEter	i	WSW	unfocused	N/A	60	225	72	f	0
04_3b	de	113.929	114.012	kalEnder	e	WSW	unfocused	N/A	83	226	75	f	0
04_3b	de	130.209	130.309	pauschAle	a	WSW	unfocused	N/A	100	232	76	f	0
04_3b	de	135.668	135.79	furOre	o	WSW	unfocused	N/A	123	221	71	f	0
04_3b	de	161.298	161.362	instrUktor	u	WSW	unfocused	N/A	63	246	68	f	0
04_3b	de	186.008	186.093	latErne	e	WSW	focused	N/A	85	220	74	f	1
04_3b	de	201.995	202.14	melOne	o	WSW	focused	N/A	145	255	75	f	0
04_3b	de	206.934	207.125	parAbel	a	WSW	focused	N/A	191	228	73	f	1
04_3b	de	225.476	225.582	alUmnus	u	WSW	focused	N/A	105	291	76	f	1
04_3b	de	255.194	255.298	kanInchen	i	WSW	focused	N/A	104	275	77	f	1
04_3b	de	286.778	286.877	parAbel	a	WSW	unfocused	N/A	99	224	74	f	0
04_3b	de	302.554	302.661	melOne	o	WSW	unfocused	N/A	106	217	74	f	0
04_3b	de	307.621	307.715	latErne	e	WSW	unfocused	N/A	93	211	73	f	0
04_3b	de	332.732	332.757	alUmnus	u	WSW	unfocused	N/A	25	245	73	f	0
04_3b	de	342.942	343.016	kanInchen	i	WSW	unfocused	N/A	74	239	75	f	0
04_3b	ua	35.947	36.054	darUnok	u	WSW	focused	N/A	107	213	72	f	1
04_3b	ua	50.453	50.589	cherEshn'a	e	WSW	focused	N/A	135	204	70	f	1
04_3b	ua	55.62	55.716	avtObus	o	WSW	focused	N/A	96	198	71	f	1
04_3b	ua	69.571	69.692	sel'Anka	a	WSW	focused	N/A	121	182	70	f	1
04_3b	ua	78.694	78.822	zalIzo	i	WSW	focused	N/A	128	184	63	f	0
04_3b	ua	100.017	100.12	sel'Anka	a	WSW	unfocused	N/A	104	169	72	f	0
04_3b	ua	110.227	110.304	zalIzo	i	WSW	unfocused	N/A	77	156	60	f	0
04_3b	ua	125.103	125.193	avtObus	o	WSW	unfocused	N/A	90	167	68	f	0
04_3b	ua	135.234	135.344	darUnok	u	WSW	unfocused	N/A	110	175	71	f	0
04_3b	ua	166.089	166.233	cherEshn'a	e	WSW	unfocused	N/A	144	167	69	f	0
04_3b	ua	185.78	185.928	syrEna	e	WSW	focused	N/A	147	192	71	f	0
04_3b	ua	198.17	198.288	bolOto	o	WSW	focused	N/A	118	189	72	f	0
04_3b	ua	215.031	215.147	zaprAvka	a	WSW	focused	N/A	116	190	68	f	1
04_3b	ua	219.75	219.847	spolUka	u	WSW	focused	N/A	97	200	67	f	0
04_3b	ua	228.512	228.641	horIshok	i	WSW	focused	N/A	129	244	71	f	0
04_3b	ua	253.929	254.024	spolUka	u	WSW	unfocused	N/A	94	163	58	f	0
04_3b	ua	267.165	267.264	zaprAvka	a	WSW	unfocused	N/A	99	166	69	f	0
04_3b	ua	279.714	279.82	bolOto	o	WSW	unfocused	N/A	105	162	68	f	0
04_3b	ua	302.209	302.318	horIshok	i	WSW	unfocused	N/A	109	170	68	f	0
04_3b	ua	306.527	306.66	syrEna	e	WSW	unfocused	N/A	132	173	70	f	0
05_4a	de	4.424	4.51	instrUktor	u	WSW	focused	fail	85	146	53	m	0
05_4a	de	20.34	20.403	vermIEter	i	WSW	focused	N/A	63	150	56	m	1
05_4a	de	34.075	34.174	furOre	o	WSW	focused	N/A	99	147	55	m	1
05_4a	de	53.001	53.131	pauschAle	a	WSW	focused	N/A	129	141	58	m	1
05_4a	de	71.699	71.776	kalEnder	e	WSW	focused	N/A	77	154	54	m	1
05_4a	de	14.774	14.844	vermIEter	i	WSW	unfocused	int?	70	158	52	m	0
05_4a	de	20.241	20.305	kalEnder	e	WSW	unfocused	N/A	64	142	57	m	0
05_4a	de	36.062	36.17	pauschAle	a	WSW	unfocused	N/A	108	136	56	m	0
05_4a	de	41.527	41.673	furOre	o	WSW	unfocused	N/A	147	135	54	m	0
05_4a	de	69.153	69.325	instrUktor	u	WSW	unfocused	int?	172	163	53	m	0
05_4a	de	21.528	21.618	parAbel	a	WSW	unfocused	N/A	90	141	57	m	0
05_4a	de	36.59	36.708	melOne	o	WSW	unfocused	N/A	117	138	55	m	0
05_4a	de	41.619	41.718	latErne	e	WSW	unfocused	N/A	99	143	53	m	0
05_4a	de	66.556	66.635	alUmnus	u	WSW	unfocused	N/A	79	150	56	m	0
05_4a	de	77.355	77.437	kanInchen	i	WSW	unfocused	N/A	83	146	56	m	0
05_4a	de	4.206	4.316	latErne	e	WSW	focused	N/A	110	82	51	m	0
05_4a	de	16.381	16.552	melOne	o	WSW	focused	N/A	170	157	54	m	0
05_4a	de	20.79	20.907	parAbel	a	WSW	focused	N/A	117	99	54	m	0
05_4a	de	38.092	38.142	alUmnus	u	WSW	focused	N/A	49	172	59	m	1
05_4a	de	62.499	62.712	kanInchen	i	WSW	focused	fail	213	141	48	m	0
05_4a	ua	5.138	5.235	sel'Anka	a	WSW	unfocused	N/A	98	120	56	m	0
05_4a	ua	14.155	14.222	zalIzo	i	WSW	unfocused	N/A	67	122	54	m	0
05_4a	ua	28.6	28.71	avtObus	o	WSW	unfocused	N/A	109	122	50	m	0
05_4a	ua	38.931	39.012	darUnok	u	WSW	unfocused	N/A	81	128	53	m	0
05_4a	ua	70.698	70.776	cherEshn'a	e	WSW	unfocused	N/A	77	144	49	m	0
05_4a	ua	11.079	11.162	spolUka	u	WSW	unfocused	N/A	82	131	51	m	0
05_4a	ua	25.628	25.701	zaprAvka	a	WSW	unfocused	N/A	73	145	49	m	0
05_4a	ua	38.382	38.478	bolOto	o	WSW	unfocused	N/A	96	124	53	m	0
05_4a	ua	59.745	59.81	horIshok	i	WSW	unfocused	N/A	65	132	48	m	0
05_4a	ua	65.079	65.157	syrEna	e	WSW	unfocused	N/A	78	--undefined--	48	m	0
05_4a	ua	12.403	12.502	syrEna	e	WSW	focused	N/A	99	137	57	m	0
05_4a	ua	23.977	24.093	bolOto	o	WSW	focused	N/A	116	142	59	m	0
05_4a	ua	39.745	39.836	zaprAvka	a	WSW	focused	N/A	91	136	55	m	0
05_4a	ua	43.025	43.117	spolUka	u	WSW	focused	N/A	92	151	53	m	0
05_4a	ua	50.934	51.036	horIshok	i	WSW	focused	N/A	102	146	54	m	0
05_4a	ua	19.304	19.43	darUnok	u	WSW	focused	N/A	126	142	55	m	0
05_4a	ua	30.346	30.463	cherEshn'a	e	WSW	focused	N/A	117	132	59	m	0
05_4a	ua	33.99	34.069	avtObus	o	WSW	focused	N/A	79	138	56	m	0
05_4a	ua	44.348	44.451	sel'Anka	a	WSW	focused	N/A	103	128	60	m	0
05_4a	ua	52.753	52.85	zalIzo	i	WSW	focused	N/A	97	146	58	m	0
06_4b	de	16.143	16.2	akUstik	u	WSW	focused	N/A	57	275	63	f	0
06_4b	de	33.201	33.386	trompEte	e	WSW	focused	N/A	184	223	68	f	1
06_4b	de	44.49	44.644	panAde	a	WSW	focused	N/A	154	190	67	f	0
06_4b	de	64.27	64.395	zitrOne	o	WSW	focused	N/A	125	208	68	f	0
06_4b	de	72.887	73.035	pralIne	i	WSW	focused	N/A	149	215	65	f	0
06_4b	de	105.198	105.277	trompEte	e	WSW	unfocused	N/A	79	232	60	f	0
06_4b	de	120.218	120.28	akUstik	u	WSW	unfocused	N/A	62	247	57	f	0
06_4b	de	148.322	148.413	panAde	a	WSW	unfocused	N/A	91	212	67	f	0
06_4b	de	166.74	166.846	zitrOne	o	WSW	unfocused	N/A	105	213	68	f	0
06_4b	de	184.237	184.313	pralIne	i	WSW	unfocused	N/A	76	233	72	f	0
06_4b	de	202.86	202.984	kabAle	a	WSW	focused	N/A	125	200	69	f	0
06_4b	de	222.085	222.148	kabIne	i	WSW	focused	N/A	62	214	62	f	0
06_4b	de	246.134	246.304	kanOne	o	WSW	focused	N/A	169	225	68	f	0
06_4b	de	262.123	262.235	libElle	e	WSW	focused	N/A	112	175	66	f	1
06_4b	de	267.825	267.906	kolUmne	u	WSW	focused	N/A	81	195	67	f	0
06_4b	de	283.424	283.505	kabAle	a	WSW	unfocused	N/A	81	232	65	f	0
06_4b	de	299.81	299.887	kabIne	i	WSW	unfocused	N/A	77	233	63	f	0
06_4b	de	305.39	305.497	kanOne	o	WSW	unfocused	N/A	107	211	65	f	0
06_4b	de	325.909	326	libElle	e	WSW	unfocused	N/A	91	213	65	f	0
06_4b	de	349.137	349.173	kolUmne	u	WSW	unfocused	N/A	36	238	68	f	0
06_4b	ua	51.102	51.226	tuzEmets'	e	WSW	focused	N/A	124	186	66	f	0
06_4b	ua	59.335	59.435	korObka	o	WSW	focused	N/A	101	184	63	f	0
06_4b	ua	64.411	64.493	gatUnok	u	WSW	focused	N/A	82	192	64	f	0
06_4b	ua	72.878	73.001	zavdAnn'a	a	WSW	focused	N/A	123	121	62	f	0
06_4b	ua	82.26	82.374	tubIlets'	i	WSW	focused	N/A	114	193	59	f	0
06_4b	ua	99.704	99.817	korObka	o	WSW	unfocused	N/A	113	172	60	f	0
06_4b	ua	109.584	109.728	zavdAnn'a	a	WSW	unfocused	N/A	144	100	58	f	0
06_4b	ua	124.479	124.558	gatUnok	u	WSW	unfocused	N/A	79	176	56	f	0
06_4b	ua	139.311	139.414	tuzEmets'	e	WSW	unfocused	N/A	103	164	64	f	0
06_4b	ua	153.171	153.244	tubIlets'	i	WSW	unfocused	N/A	73	181	57	f	0
06_4b	ua	174.285	174.365	kapUsta	u	WSW	focused	N/A	80	196	55	f	0
06_4b	ua	181.841	181.965	porIchka	i	WSW	focused	N/A	123	212	60	f	0
06_4b	ua	194.944	195.1	porAda	a	WSW	focused	N/A	157	186	64	f	0
06_4b	ua	204.396	204.568	berEza	e	WSW	focused	N/A	173	126	65	f	0
06_4b	ua	227.272	227.433	korOna	o	WSW	focused	N/A	161	192	64	f	0
06_4b	ua	249.266	249.415	berEza	e	WSW	unfocused	N/A	148	137	62	f	0
06_4b	ua	267.407	267.522	porIchka	i	WSW	unfocused	N/A	116	90	58	f	0
06_4b	ua	285.504	285.554	kapUsta	u	WSW	unfocused	N/A	51	194	56	f	0
06_4b	ua	301.533	301.664	korOna	o	WSW	unfocused	N/A	131	172	62	f	0
06_4b	ua	319.781	319.916	porAda	a	WSW	unfocused	N/A	135	99	58	f	0
07_1a	de	9.747	9.871	kabAle	a	WSW	focused	N/A	125	221	70	f	0
07_1a	de	30.239	30.318	kabIne	i	WSW	focused	N/A	79	268	70	f	0
07_1a	de	55.216	55.334	kanOne	o	WSW	focused	N/A	118	243	69	f	0
07_1a	de	69.898	70.012	libElle	e	WSW	focused	N/A	114	228	72	f	0
07_1a	de	75.621	75.678	kolUmne	u	WSW	focused	N/A	58	233	73	f	0
07_1a	ua	11.964	12.134	berEza	e	WSW	unfocused	N/A	170	181	60	f	0
07_1a	ua	34.527	34.613	porIchka	i	WSW	unfocused	N/A	86	196	57	f	0
07_1a	ua	54.691	54.769	kapUsta	u	WSW	unfocused	N/A	78	191	56	f	0
07_1a	ua	70.979	71.135	korOna	o	WSW	unfocused	N/A	156	191	63	f	0
07_1a	ua	85.976	86.143	porAda	a	WSW	unfocused	N/A	168	191	60	f	0
07_1a	ua	4.611	4.699	kapUsta	u	WSW	focused	N/A	87	206	60	f	0
07_1a	ua	14.158	14.255	porIchka	i	WSW	focused	N/A	97	214	59	f	0
07_1a	ua	28.351	28.523	porAda	a	WSW	focused	N/A	173	201	69	f	0
07_1a	ua	38.68	38.862	berEza	e	WSW	focused	N/A	182	206	67	f	0
07_1a	ua	63.861	64.009	korOna	o	WSW	focused	N/A	148	201	69	f	0
08_2a	de	22.325	22.411	parAbel	a	WSW	unfocused	N/A	85	113	58	m	0
08_2a	de	38.626	38.726	melOne	o	WSW	unfocused	fail	101	114	59	m	0
08_2a	de	44.84	44.925	latErne	e	WSW	unfocused	N/A	85	121	57	m	0
08_2a	de	74.391	74.466	alUmnus	u	WSW	unfocused	N/A	75	112	55	m	0
08_2a	de	85.536	85.607	kanInchen	i	WSW	unfocused	N/A	71	118	57	m	0
08_2a	de	5.967	6.074	latErne	e	WSW	focused	N/A	107	183	59	m	1
08_2a	de	21.491	21.611	melOne	o	WSW	focused	N/A	120	176	65	m	1
08_2a	de	26.359	26.477	parAbel	a	WSW	focused	N/A	118	172	62	m	1
08_2a	de	46.287	46.362	alUmnus	u	WSW	focused	N/A	74	183	65	m	1
08_2a	de	76.816	76.887	kanInchen	i	WSW	focused	N/A	71	187	61	m	1
08_2a	ua	16.231	16.314	spolUka	u	WSW	unfocused	N/A	82	129	62	m	1
08_2a	ua	34.494	34.617	zaprAvka	a	WSW	unfocused	N/A	123	116	66	m	1
08_2a	ua	51.396	51.478	bolOto	o	WSW	unfocused	N/A	83	104	55	m	1
08_2a	ua	80.567	80.677	horIshok	i	WSW	unfocused	N/A	111	110	57	m	1
08_2a	ua	87.597	87.684	syrEna	e	WSW	unfocused	N/A	87	109	61	m	1
08_2a	ua	16.841	16.952	syrEna	e	WSW	focused	N/A	111	141	61	m	1
08_2a	ua	33.372	33.471	bolOto	o	WSW	focused	N/A	99	135	62	m	1
08_2a	ua	54.106	54.229	zaprAvka	a	WSW	focused	N/A	122	113	62	m	1
08_2a	ua	60.635	60.709	spolUka	u	WSW	focused	N/A	74	164	58	m	1
08_2a	ua	72.667	72.723	horIshok	i	WSW	focused	N/A	55	209	61	m	1
09_4a	de	22.945	23.006	akUstik	u	WSW	focused	N/A	61	217	44	m	0
09_4a	de	40.969	41.063	trompEte	e	WSW	focused	N/A	94	199	42	m	0
09_4a	de	50.405	50.5	panAde	a	WSW	focused	N/A	94	107	43	m	0
09_4a	de	71.167	71.255	zitrOne	o	WSW	focused	N/A	89	161	46	m	0
09_4a	de	82.132	82.289	pralIne	i	WSW	focused	fail	157	119	42	m	0
09_4a	de	122.146	122.203	trompEte	e	WSW	unfocused	N/A	57	108	37	m	0
09_4a	de	138.513	138.568	akUstik	u	WSW	unfocused	N/A	55	122	31	m	0
09_4a	de	164.672	164.731	panAde	a	WSW	unfocused	N/A	59	110	43	m	0
09_4a	de	179.958	180.013	zitrOne	o	WSW	unfocused	N/A	55	101	40	m	0
09_4a	de	201.801	201.911	pralIne	i	WSW	unfocused	N/A	110	135	46	m	0
09_4a	de	214.619	214.732	kabAle	e	WSW	unfocused	fail	113	118	43	m	0
09_4a	de	231.391	231.495	kabIne	i	WSW	unfocused	N/A	104	113	42	m	0
09_4a	de	236.701	236.982	kanOne	o	WSW	unfocused	N/A	281	99	41	m	0
09_4a	de	257.293	257.406	libElle	e	WSW	unfocused	fail	112	110	44	m	0
09_4a	de	279.409	279.533	kolUmne	u	WSW	unfocused	N/A	124	120	43	m	0
09_4a	de	303.832	303.979	kabAle	e	WSW	focused	fail	147	190	33	m	0
09_4a	de	324.929	325.049	kabIne	i	WSW	focused	N/A	120	145	42	m	0
09_4a	de	347.441	347.546	kanOne	o	WSW	focused	N/A	106	145	44	m	0
09_4a	de	362.593	362.702	libElle	e	WSW	focused	fail	109	134	43	m	0
09_4a	de	367.306	367.43	kolUmne	u	WSW	focused	N/A	125	156	46	m	0
09_4a	ua	56.834	56.927	tuzEmets'	e	WSW	focused	N/A	93	112	46	m	0
09_4a	ua	65.032	65.119	korObka	o	WSW	focused	N/A	88	137	48	m	0
09_4a	ua	69.393	69.46	gatUnok	u	WSW	focused	N/A	67	119	39	m	0
09_4a	ua	77.733	77.829	zavdAnn'a	a	WSW	focused	N/A	96	162	48	m	0
09_4a	ua	86.462	86.548	tubIlets'	i	WSW	focused	N/A	86	122	48	m	0
09_4a	ua	105.343	105.405	korObka	o	WSW	unfocused	N/A	62	98	38	m	0
09_4a	ua	129.224	129.296	gatUnok	u	WSW	unfocused	N/A	72	97	36	m	0
09_4a	ua	144.893	144.978	tuzEmets'	e	WSW	unfocused	N/A	84	105	42	m	0
09_4a	ua	159.694	159.755	tubIlets'	i	WSW	unfocused	N/A	61	109	40	m	0
09_4a	ua	179.244	179.356	berEza	e	WSW	unfocused	N/A	112	108	42	m	0
09_4a	ua	197.388	197.452	porIchka	i	WSW	unfocused	N/A	64	112	35	m	0
09_4a	ua	215.065	215.125	kapUsta	u	WSW	unfocused	N/A	60	--undefined--	34	m	0
09_4a	ua	227.83	227.923	korOna	o	WSW	unfocused	N/A	93	104	40	m	0
09_4a	ua	240.656	240.748	porAda	a	WSW	unfocused	N/A	92	257	38	m	0
09_4a	ua	249.539	249.583	kapUsta	u	WSW	focused	N/A	44	123	32	m	0
09_4a	ua	256.22	256.304	porIchka	i	WSW	focused	N/A	84	114	42	m	0
09_4a	ua	268.169	268.266	porAda	a	WSW	focused	N/A	97	122	44	m	0
09_4a	ua	275.363	275.48	berEza	e	WSW	focused	N/A	117	110	41	m	0
09_4a	ua	294.406	294.512	korOna	o	WSW	focused	N/A	107	135	48	m	0
10_1b	de	21.808	22.026	kabAle	a	WSW	focused	N/A	218	239	57	f	1
10_1b	de	45.369	45.576	kabIne	i	WSW	focused	N/A	207	254	51	f	0
10_1b	de	72.244	72.501	kanOne	o	WSW	focused	N/A	257	263	52	f	1
10_1b	de	88.696	88.848	libElle	e	WSW	focused	N/A	153	265	59	f	1
10_1b	de	94.828	94.984	kolUmne	u	WSW	focused	N/A	156	305	53	f	1
10_1b	de	10.414	10.6	kabAle	a	WSW	unfocused	N/A	186	251	58	f	1
10_1b	de	29.547	29.677	kabIne	i	WSW	unfocused	N/A	129	274	51	f	0
10_1b	de	36.512	36.772	kanOne	o	WSW	unfocused	N/A	260	255	54	f	0
10_1b	de	59.881	60.038	libElle	e	WSW	unfocused	N/A	156	279	54	f	1
10_1b	de	85.827	85.935	kolUmne	u	WSW	unfocused	N/A	107	293	53	f	0
10_1b	de	8.472	8.552	instrUktor	u	WSW	focused	N/A	80	388	50	f	1
10_1b	de	26.628	26.831	vermIEter	i	WSW	focused	N/A	203	313	55	f	1
10_1b	de	42.585	42.906	furOre	o	WSW	focused	N/A	320	253	54	f	1
10_1b	de	65.327	65.531	pauschAle	a	WSW	focused	N/A	204	241	58	f	1
10_1b	de	86.188	86.317	kalEnder	e	WSW	focused	N/A	130	302	56	f	1
10_1b	de	19.863	19.983	vermIEter	i	WSW	unfocused	N/A	120	293	50	f	0
10_1b	de	25.413	25.53	kalEnder	e	WSW	unfocused	N/A	116	283	53	f	0
10_1b	de	41.391	41.563	pauschAle	a	WSW	unfocused	N/A	172	199	54	f	0
10_1b	de	47.124	47.473	furOre	o	WSW	unfocused	fail	349	255	49	f	0
10_1b	de	75.287	75.39	instrUktor	u	WSW	unfocused	N/A	103	319	48	f	1
10_1b	ua	16.34	16.469	kapUsta	u	WSW	focused	N/A	130	272	46	f	1
10_1b	ua	27.261	27.445	porIchka	i	WSW	focused	N/A	184	275	49	f	1
10_1b	ua	43.22	43.455	porAda	a	WSW	focused	N/A	235	232	53	f	1
10_1b	ua	52.905	53.12	berEza	e	WSW	focused	N/A	215	239	55	f	1
10_1b	ua	75.158	75.35	korOna	o	WSW	focused	N/A	191	233	54	f	1
10_1b	ua	10.11	10.296	berEza	e	WSW	unfocused	N/A	187	209	52	f	1
10_1b	ua	32.49	32.612	porIchka	i	WSW	unfocused	N/A	123	197	44	f	0
10_1b	ua	53.474	53.587	kapUsta	u	WSW	unfocused	N/A	113	208	40	f	1
10_1b	ua	69.543	69.722	korOna	o	WSW	unfocused	N/A	179	208	52	f	0
10_1b	ua	85.957	86.164	porAda	a	WSW	unfocused	N/A	206	198	49	f	0
10_1b	ua	22.602	22.771	darUnok	u	WSW	focused	N/A	169	253	52	f	1
10_1b	ua	35.012	35.165	cherEshn'a	e	WSW	focused	N/A	153	229	51	f	1
10_1b	ua	39.566	39.698	avtObus	o	WSW	focused	N/A	132	234	50	f	1
10_1b	ua	51.689	51.839	sel'Anka	a	WSW	focused	N/A	150	233	53	f	0
10_1b	ua	59.512	59.666	zalIzo	i	WSW	focused	N/A	154	223	49	f	0
10_1b	ua	8.885	9.022	sel'Anka	a	WSW	unfocused	N/A	137	200	49	f	0
10_1b	ua	18.387	18.514	zalIzo	i	WSW	unfocused	N/A	127	194	46	f	0
10_1b	ua	33.268	33.379	avtObus	o	WSW	unfocused	N/A	111	208	44	f	1
10_1b	ua	43.665	43.784	darUnok	u	WSW	unfocused	N/A	119	197	49	f	0
10_1b	ua	76.747	76.895	cherEshn'a	e	WSW	unfocused	N/A	149	195	44	f	0
11_4b	de	19.32	19.373	akUstik	u	WSW	focused	N/A	53	299	42	f	0
11_4b	de	37.034	37.09	trompEte	e	WSW	focused	N/A	56	258	52	f	0
11_4b	de	46.448	46.649	panAde	a	WSW	focused	N/A	201	220	52	f	0
11_4b	de	67.109	67.298	zitrOne	o	WSW	focused	N/A	189	240	53	f	0
11_4b	de	78.166	78.36	pralIne	i	WSW	focused	N/A	194	258	50	f	0
11_4b	de	109.173	109.25	trompEte	e	WSW	unfocused	N/A	77	218	41	f	0
11_4b	de	126.233	126.294	akUstik	u	WSW	unfocused	N/A	61	255	45	f	0
11_4b	de	145.63	145.697	stImulus	i	WSW	unfocused	N/A	67	221	50	f	0
11_4b	de	156.276	156.478	panAde	a	WSW	unfocused	N/A	202	178	51	f	0
11_4b	de	173.231	173.366	zitrOne	o	WSW	unfocused	N/A	135	215	52	f	0
11_4b	de	190.154	190.254	pralIne	i	WSW	unfocused	N/A	100	194	47	f	0
11_4b	de	209.662	209.871	kabAle	a	WSW	focused	N/A	209	240	57	f	1
11_4b	de	231.564	231.724	kabIne	i	WSW	focused	N/A	160	249	52	f	1
11_4b	de	258.392	258.538	kanOne	o	WSW	focused	N/A	146	259	53	f	0
11_4b	de	274.509	274.639	libElle	e	WSW	focused	N/A	130	275	53	f	1
11_4b	de	280.336	280.542	kolUmne	u	WSW	focused	N/A	206	290	50	f	0
11_4b	de	293.9	294.043	kabAle	a	WSW	unfocused	N/A	143	189	54	f	0
11_4b	de	309.552	309.643	kabIne	i	WSW	unfocused	N/A	91	225	50	f	0
11_4b	de	314.746	314.848	kanOne	o	WSW	unfocused	N/A	102	224	51	f	0
11_4b	de	335.269	335.39	libElle	e	WSW	unfocused	N/A	121	207	55	f	0
11_4b	ua	53.582	53.759	tuzEmets'	e	WSW	focused	N/A	177	175	48	f	0
11_4b	ua	62.73	62.866	korObka	o	WSW	focused	N/A	136	191	51	f	0
11_4b	ua	68.012	68.188	gatUnok	u	WSW	focused	N/A	176	196	46	f	0
11_4b	ua	78.151	78.307	zavdAnn'a	a	WSW	focused	N/A	155	172	50	f	0
11_4b	ua	87.717	87.923	tubIlets'	i	WSW	focused	fail	206	213	52	f	0
11_4b	ua	108.876	108.985	korObka	o	WSW	unfocused	N/A	109	164	48	f	0
11_4b	ua	119.647	119.783	zavdAnn'a	a	WSW	unfocused	N/A	137	157	46	f	0
11_4b	ua	138.896	139.024	gatUnok	u	WSW	unfocused	N/A	126	161	39	f	0
11_4b	ua	156.863	157.01	tuzEmets'	e	WSW	unfocused	N/A	147	158	49	f	0
11_4b	ua	173.723	173.854	tubIlets'	i	WSW	unfocused	N/A	131	179	46	f	1
11_4b	ua	198.419	198.557	kapUsta	u	WSW	focused	N/A	138	181	44	f	0
11_4b	ua	208.647	208.808	porIchka	i	WSW	focused	N/A	162	230	51	f	0
11_4b	ua	224.312	224.526	porAda	a	WSW	focused	N/A	214	190	54	f	0
11_4b	ua	234.623	234.823	berEza	e	WSW	focused	N/A	200	188	54	f	0
11_4b	ua	260.593	260.773	korOna	o	WSW	focused	N/A	180	196	52	f	0
11_4b	ua	282.53	282.696	berEza	e	WSW	unfocused	N/A	166	149	47	f	0
11_4b	ua	303.433	303.538	porIchka	i	WSW	unfocused	N/A	104	166	39	f	0
11_4b	ua	324.579	324.655	kapUsta	u	WSW	unfocused	N/A	76	153	36	f	0
12_1a	de	5.135	5.349	kabAle	a	WSW	unfocused	N/A	214	157	48	f	0
12_1a	de	22.151	22.316	kabIne	i	WSW	unfocused	N/A	166	196	49	f	0
12_1a	de	28.478	28.647	kanOne	o	WSW	unfocused	N/A	169	232	52	f	0
12_1a	de	51.305	51.428	libElle	e	WSW	unfocused	N/A	123	200	46	f	0
12_1a	de	75.055	75.191	kolUmne	u	WSW	unfocused	N/A	135	218	51	f	0
12_1a	de	108.05	108.222	kabAle	a	WSW	focused	N/A	173	230	52	f	0
12_1a	de	127.933	128.158	kabIne	i	WSW	focused	N/A	224	306	51	f	0
12_1a	de	151.33	151.596	kanOne	o	WSW	focused	N/A	266	291	51	f	0
12_1a	de	172.294	172.372	kolUmne	u	WSW	focused	N/A	77	370	53	f	0
12_1a	de	189.463	189.566	instrUktor	u	WSW	focused	N/A	103	396	41	f	0
12_1a	de	204.548	204.758	vermIEter	i	WSW	focused	N/A	210	338	48	f	0
12_1a	de	219.277	219.586	furOre	o	WSW	focused	N/A	309	280	52	f	0
12_1a	de	239.954	240.252	pauschAle	a	WSW	focused	N/A	298	271	50	f	0
12_1a	de	259.092	259.203	kalEnder	e	WSW	focused	N/A	111	284	52	f	0
12_1a	de	286.53	286.671	vermIEter	i	WSW	unfocused	N/A	141	246	51	f	0
12_1a	de	292.108	292.225	kalEnder	e	WSW	unfocused	N/A	117	219	53	f	0
12_1a	de	309.312	309.52	pauschAle	a	WSW	unfocused	N/A	208	192	52	f	0
12_1a	de	315.813	315.981	furOre	o	WSW	unfocused	N/A	168	236	49	f	0
12_1a	de	343.16	343.221	instrUktor	u	WSW	unfocused	N/A	61	220	39	f	0
12_1a	ua	4.655	4.799	berEza	e	WSW	unfocused	N/A	144	166	47	f	0
12_1a	ua	27.39	27.496	porIchka	i	WSW	unfocused	N/A	107	140	40	f	0
12_1a	ua	48.193	48.268	kapUsta	u	WSW	unfocused	N/A	75	82	33	f	0
12_1a	ua	63.321	63.441	korOna	o	WSW	unfocused	N/A	120	137	44	f	0
12_1a	ua	78.448	78.635	porAda	a	WSW	unfocused	N/A	187	138	46	f	0
12_1a	ua	92.229	92.303	kapUsta	u	WSW	focused	N/A	74	267	43	f	0
12_1a	ua	101.393	101.499	porIchka	i	WSW	focused	N/A	106	228	44	f	0
12_1a	ua	114.114	114.372	porAda	a	WSW	focused	N/A	258	170	47	f	0
12_1a	ua	122.97	123.133	berEza	e	WSW	focused	N/A	162	169	50	f	0
12_1a	ua	145.273	145.4	korOna	o	WSW	focused	N/A	127	225	51	f	0
12_1a	ua	183.817	183.976	darUnok	u	WSW	focused	N/A	160	213	50	f	0
12_1a	ua	197.178	197.321	cherEshn'a	e	WSW	focused	N/A	143	203	52	f	0
12_1a	ua	201.638	201.756	avtObus	o	WSW	focused	N/A	118	230	47	f	0
12_1a	ua	214.372	214.477	sel'Anka	a	WSW	focused	N/A	105	177	49	f	0
12_1a	ua	222.944	223.106	zalIzo	i	WSW	focused	N/A	162	210	48	f	0
12_1a	ua	248.607	248.749	sel'Anka	a	WSW	unfocused	N/A	143	146	46	f	0
12_1a	ua	259.076	259.211	zalIzo	i	WSW	unfocused	N/A	135	76	38	f	0
12_1a	ua	275.321	275.453	avtObus	o	WSW	unfocused	N/A	132	112	38	f	0
12_1a	ua	336.297	336.421	cherEshn'a	e	WSW	unfocused	N/A	124	144	45	f	0
13_2a	de	23.327	23.449	parAbel	a	WSW	unfocused	N/A	122	220	47	f	0
13_2a	de	39.54	39.704	melOne	o	WSW	unfocused	N/A	165	169	52	f	0
13_2a	de	45.661	45.823	latErne	e	WSW	unfocused	N/A	162	241	50	f	0
13_2a	de	74.055	74.143	alUmnus	u	WSW	unfocused	N/A	87	221	51	f	0
13_2a	de	84.516	84.655	kanInchen	i	WSW	unfocused	N/A	139	255	53	f	0
13_2a	de	101.654	101.787	latErne	e	WSW	focused	N/A	133	228	53	f	0
13_2a	de	116.259	116.414	melOne	o	WSW	focused	N/A	156	391	50	f	0
13_2a	de	121.499	121.69	parAbel	a	WSW	focused	N/A	191	326	49	f	0
13_2a	de	140.717	140.822	alUmnus	u	WSW	focused	N/A	105	333	48	f	0
13_2a	de	168.657	168.787	kanInchen	i	WSW	focused	N/A	130	292	51	f	0
13_2a	de	183.463	183.579	akUstik	u	WSW	focused	N/A	115	279	42	f	0
13_2a	de	197.639	197.753	trompEte	e	WSW	focused	N/A	114	348	45	f	0
13_2a	de	207.284	207.462	panAde	a	WSW	focused	N/A	178	288	50	f	1
13_2a	de	225.696	225.834	zitrOne	o	WSW	focused	N/A	138	268	51	f	0
13_2a	de	234.777	234.982	pralIne	i	WSW	focused	N/A	205	276	46	f	0
13_2a	de	262.763	262.85	trompEte	e	WSW	unfocused	N/A	87	191	38	f	0
13_2a	de	307.386	307.574	panAde	a	WSW	unfocused	N/A	188	213	48	f	0
13_2a	de	323.732	323.876	zitrOne	o	WSW	unfocused	N/A	143	219	49	f	0
13_2a	de	339.633	339.758	pralIne	i	WSW	unfocused	N/A	126	206	45	f	0
13_2a	ua	14.488	14.679	spolUka	u	WSW	unfocused	N/A	191	175	32	f	0
13_2a	ua	31.669	31.765	zaprAvka	a	WSW	unfocused	N/A	96	155	41	f	0
13_2a	ua	79.999	80.109	horIshok	i	WSW	unfocused	N/A	109	178	38	f	0
13_2a	ua	86.287	86.407	syrEna	e	WSW	unfocused	N/A	120	175	39	f	0
13_2a	ua	114.206	114.36	syrEna	e	WSW	focused	N/A	154	207	45	f	0
13_2a	ua	132.824	133.005	bolOto	o	WSW	focused	N/A	181	223	49	f	0
13_2a	ua	154.505	154.656	zaprAvka	a	WSW	focused	N/A	151	239	49	f	0
13_2a	ua	161.382	161.547	spolUka	u	WSW	focused	N/A	164	299	42	f	0
13_2a	ua	174.894	175.094	horIshok	i	WSW	focused	N/A	200	254	45	f	0
13_2a	ua	245.101	245.296	tuzEmets'	e	WSW	focused	N/A	196	229	52	f	0
13_2a	ua	255.663	255.84	korObka	o	WSW	focused	N/A	178	255	48	f	0
13_2a	ua	261.658	261.859	gatUnok	u	WSW	focused	N/A	201	257	44	f	0
13_2a	ua	272.813	272.907	zavdAnn'a	a	WSW	focused	N/A	95	221	50	f	0
13_2a	ua	283.998	284.167	tubIlets'	i	WSW	focused	N/A	169	264	48	f	1
13_2a	ua	308.102	308.186	korObka	o	WSW	unfocused	N/A	84	85	43	f	0
13_2a	ua	321.021	321.156	zavdAnn’a	a	WSW	unfocused	N/A	134	173	44	f	0
13_2a	ua	359.377	359.49	tuzEmets'	e	WSW	unfocused	N/A	114	180	45	f	0
13_2a	ua	379.799	379.951	tubIlets'	i	WSW	unfocused	N/A	152	201	44	f	0
14_3a	de	11.964	12.008	instrUktor	u	WSW	focused	N/A	44	231	44	f	1
14_3a	de	17.426	17.537	kOlibri	i	WSW	focused	fail	111	232	48	f	0
14_3a	de	26.828	26.924	vermIEter	i	WSW	focused	N/A	95	219	52	f	0
14_3a	de	42.953	43.128	furOre	o	WSW	focused	N/A	175	207	54	f	0
14_3a	de	52.748	52.923	Anorak	o	WSW	focused	fail	175	201	50	f	0
14_3a	de	64.178	64.328	pauschAle	a	WSW	focused	N/A	150	194	48	f	1
14_3a	de	85.995	86.081	kalEnder	e	WSW	focused	N/A	86	188	53	f	0
14_3a	de	115.082	115.175	vermIEter	i	WSW	unfocused	N/A	92	196	41	f	0
14_3a	de	121.787	121.862	kalEnder	e	WSW	unfocused	N/A	75	194	50	f	0
14_3a	de	142.602	142.716	pauschAle	a	WSW	unfocused	N/A	114	189	49	f	0
14_3a	de	149.3	149.415	furOre	o	WSW	unfocused	N/A	115	193	48	f	0
14_3a	de	186.491	186.559	instrUktor	u	WSW	unfocused	N/A	68	226	34	f	0
14_3a	de	237.628	237.792	parAbel	a	WSW	unfocused	N/A	163	183	51	f	0
14_3a	de	257.941	258.059	melOne	o	WSW	unfocused	N/A	118	138	48	f	0
14_3a	de	264.673	264.772	latErne	e	WSW	unfocused	N/A	99	198	48	f	0
14_3a	de	297.654	297.708	alUmnus	u	WSW	unfocused	N/A	54	207	50	f	0
14_3a	de	311.043	311.109	kanInchen	i	WSW	unfocused	N/A	66	200	49	f	0
14_3a	de	329.946	330.012	latErne	e	WSW	focused	N/A	66	194	48	f	0
14_3a	de	345.9	346.051	melOne	o	WSW	focused	N/A	151	190	51	f	0
14_3a	de	351.305	351.48	parAbel	a	WSW	focused	N/A	175	195	51	f	0
14_3a	de	370.074	370.14	alUmnus	u	WSW	focused	N/A	66	210	50	f	0
14_3a	de	401.287	401.367	kanInchen	i	WSW	focused	N/A	79	221	51	f	0
14_3a	ua	26.92	27.047	darUnok	u	WSW	focused	N/A	127	212	51	f	0
14_3a	ua	42.419	42.521	cherEshn'a	e	WSW	focused	N/A	102	193	51	f	1
14_3a	ua	47.896	47.992	avtObus	o	WSW	focused	N/A	96	189	47	f	1
14_3a	ua	62.8	62.909	sel'Anka	a	WSW	focused	N/A	109	198	50	f	0
14_3a	ua	73.1	73.224	zalIzo	i	WSW	focused	N/A	124	203	49	f	1
14_3a	ua	100.03	100.125	sel'Anka	a	WSW	unfocused	N/A	95	115	47	f	0
14_3a	ua	111.569	111.678	zalIzo	i	WSW	unfocused	N/A	109	189	42	f	0
14_3a	ua	128.59	128.664	avtObus	o	WSW	unfocused	N/A	74	98	42	f	1
14_3a	ua	139.908	139.996	darUnok	u	WSW	unfocused	N/A	87	198	45	f	0
14_3a	ua	176.145	176.25	cherEshn'a	e	WSW	unfocused	N/A	105	87	43	f	0
14_3a	ua	197.831	197.907	spolUka	u	WSW	unfocused	N/A	76	173	44	f	0
14_3a	ua	215.152	215.241	zaprAvka	a	WSW	unfocused	N/A	89	177	42	f	0
14_3a	ua	231.178	231.299	bolOto	o	WSW	unfocused	N/A	121	185	43	f	0
14_3a	ua	257.368	257.44	horIshok	i	WSW	unfocused	N/A	72	192	37	f	0
14_3a	ua	262.617	262.731	syrEna	e	WSW	unfocused	N/A	114	185	45	f	0
14_3a	ua	294.922	295.061	syrEna	e	WSW	focused	N/A	138	196	50	f	0
14_3a	ua	311.583	311.659	bolOto	o	WSW	focused	N/A	75	185	42	f	0
14_3a	ua	331.227	331.326	zaprAvka	a	WSW	focused	N/A	99	184	46	f	0
14_3a	ua	337.528	337.615	spolUka	u	WSW	focused	N/A	87	199	44	f	0
14_3a	ua	350.615	350.729	horIshok	i	WSW	focused	N/A	114	199	48	f	0
12_1a	ua	286.585	286.751	darUnok	u	WSW	unfocused	N/A	167	145	45	f	0